from_id,to_id
9783,17025
13229,2221
12809,13229
10677,16240
22176,21965
6345,7802
1090,24969
18315,16240
2316,13370
14378,16240
6949,12873
5175,21965
17318,9473
9285,24278
24811,16288
9473,8848
17201,21965
9473,1562
14215,20343
15405,14892
4145,21965
7671,5
11141,21965
790,25450
3350,18955
7094,18293
7136,327
22231,21930
23595,6744
8744,21965
8744,21965
8744,21965
4775,1757
20789,18869
17709,19312
2495,20676
17817,4157
4171,21965
7801,21965
5601,554
22705,21309
19469,532
6272,9775
13222,23187
20560,12379
24479,12379
19447,12379
21649,22564
16220,9820
22687,17662
7135,2723
12620,21965
20029,16405
10732,18872
7397,3485
10802,25133
7208,16239
11124,16398
14993,15408
17740,10527
2027,21965
129,21965
21887,16240
18173,21965
7022,7021
9681,21965
13311,2446
20867,21965
20352,149
20352,16240
14973,16240
13356,21965
22022,23013
23885,23013
17096,23013
1598,16240
18533,21965
21758,12145
22649,22743
21919,6917
22496,13521
22812,21720
21590,19888
22161,18179
22467,25523
23071,15019
23117,15950
23282,21433
21848,23546
23054,13183
22690,775
23423,11641
23128,23546
22345,16665
20576,25187
23302,4735
22114,22097
23081,20117
23113,14688
21792,17715
22471,23639
22918,24350
20176,23905
22533,2837
22225,5759
21891,3654
23330,11437
22488,20391
21573,16806
21618,4689
21797,5384
21903,5287
23225,13433
22507,18412
21228,9899
22166,2567
23175,5854
23391,10613
22075,16261
22379,3895
23209,10704
21947,15138
22501,15876
23102,3255
21784,6907
21550,4662
21645,13411
21755,24430
22445,1077
23422,19019
22094,19603
22866,7973
22954,15219
21693,6823
22258,18701
21295,5476
23257,11521
21808,2510
21814,16142
22582,24177
22177,17473
23053,1745
21662,8440
22742,14070
23358,10713
20335,18172
23376,138
23548,11890
22892,16660
22600,17415
23046,1236
22888,16623
23372,16520
22744,14545
22726,967
21588,18380
23201,23900
20370,25187
21556,17081
20334,20755
21674,22969
8949,9295
3012,7521
16904,18732
8121,7545
6991,19205
19578,6067
19623,21965
3061,2205
3061,21965
8682,16240
2198,21965
22236,16240
2513,21965
12523,21965
9731,21965
11193,17756
25052,21965
500,5525
13362,21725
25277,19668
5193,19067
23156,21965
21542,21965
22898,21965
24210,21965
25431,18955
24787,9736
11850,21965
16988,7343
17617,12211
19905,16240
11417,12211
10984,12211
13190,20345
8656,16240
12211,25116
3056,12211
7024,8297
13159,12211
3303,12211
10648,12379
7925,23310
2019,20996
21001,3793
3813,21965
3528,3792
18973,18325
3317,20792
17032,19812
12024,4960
22730,17267
7397,5792
21362,40
24245,7095
18812,7095
3574,7095
11161,13807
20387,7095
8235,7095
8732,24700
11190,16970
8879,7095
7870,17408
8726,7095
12266,1698
8717,10411
8537,21965
2221,21965
6150,16548
19390,19385
9089,832
4160,25017
7671,5
9252,3776
12822,3889
9060,380
9003,11177
19570,21965
10253,21965
2497,21965
591,16240
21794,21965
10551,21965
19559,21965
22063,21965
7160,21965
21673,21965
15725,16240
18037,16240
4314,20348
24769,21930
3350,21965
16942,21965
19988,21104
15122,3457
4145,7813
22076,3595
3595,21965
17318,20045
24278,2359
4826,25448
22242,10909
23251,21965
22475,11177
5620,18955
8639,25529
8744,21965
4366,16240
2178,832
23736,4196
19468,14544
15345,87
24489,16240
13362,21725
24463,21965
10212,21965
15455,21660
19469,532
18725,21703
12657,17662
17329,24473
1628,20063
4290,17233
11855,6067
8507,21965
7135,2723
3371,1188
11026,20160
17640,15090
17640,17484
17640,9872
17640,15204
17640,4052
17640,9560
17640,15739
17640,8912
17640,25467
17640,4164
17640,23105
17640,22624
17640,6876
17640,22301
17640,7044
15871,4299
13025,3484
13025,22292
13025,17560
13025,15174
13025,21961
13025,14357
13025,22700
13025,13119
13025,5289
13025,16783
13025,11484
13025,1947
13025,9904
13025,2594
13025,8493
13025,11745
13025,15167
13025,1336
478,13863
11793,17349
24212,7161
1628,5
24345,23001
24223,21965
22266,14294
3796,1821
6076,19519
7208,21965
24846,21965
17266,21965
13792,3881
19283,21965
5736,21965
20908,21965
18573,15103
21721,19519
20029,16405
13957,21965
20013,16240
7338,21965
11107,4148
22058,1444
14254,21965
9705,3790
20511,10881
3892,16240
3365,21471
10974,9068
3196,13566
4289,16398
1440,16398
11526,16398
16274,15003
10182,24566
2669,4301
2669,2668
3746,16541
9489,8223
1534,16222
7972,234
3861,17727
15758,12220
9750,18055
4384,18055
22841,3758
21920,11955
21867,3537
21962,18012
14715,18055
5532,11540
22484,4689
25266,14223
23022,1804
10418,18055
3944,20536
2756,2932
19927,18055
22155,16550
12926,15445
21924,22191
24042,15999
22086,3650
2797,11578
23298,5700
12994,12220
18310,14884
3647,4194
20831,7675
14996,22214
17129,25218
22578,4693
22907,12005
21500,5955
3762,24234
21614,16240
18932,1728
15577,24961
9175,21965
23867,21965
18194,915
22168,7866
2311,13991
15257,21965
12692,18620
25026,21965
7697,21965
16848,16240
850,16240
23035,16240
16278,13044
16126,4134
16029,16099
16266,18166
16069,5771
16058,22493
2112,3319
16143,11887
15953,13893
15880,9034
16292,23900
16065,8264
14069,11782
16076,20472
16206,5215
16141,21720
16095,10685
16025,6981
15966,5854
16115,14236
16010,7359
15952,9354
16138,17379
11663,6506
6735,20490
8989,5656
14292,22460
6014,18543
16192,23482
18837,17576
5844,5643
14778,15250
12372,5656
15748,8266
15815,16240
5750,21304
4949,4791
25043,20427
19644,18743
10379,20684
19505,20132
12336,25231
4287,19055
1065,5168
9701,4296
5879,12714
16194,1076
6399,21965
7145,21965
422,8427
13565,21965
16801,21965
5895,21965
6434,21965
23759,21965
7817,21965
462,21965
1749,21965
17342,21965
15780,21965
18722,21965
24548,21965
11002,21965
722,21965
11732,16240
8693,16240
6927,16240
5299,16240
22886,51
7818,21965
23752,21965
22432,21965
7144,21965
13562,21965
17351,21965
18718,21965
11206,16240
2067,21
14237,12287
5127,16240
22460,21965
481,21965
19740,21965
18726,21965
17348,21965
24293,21965
7816,21965
17745,16240
5548,16240
19784,5922
1191,10539
9910,14473
23753,16802
20830,21419
9007,22395
11202,19172
3317,14870
18710,21965
1016,21965
19302,21965
25084,18055
4411,18055
21922,18055
8061,18055
21770,18055
5848,18055
938,18055
19549,18055
5870,5792
16793,10300
23199,23
7885,13753
18249,8026
8026,7678
8026,19519
19379,19385
5845,17373
14155,1691
14879,25133
13903,21025
9791,25133
573,8367
8704,21965
10424,25133
6272,9775
13222,23187
10179,1521
10278,23487
18069,2445
12699,15798
15997,20099
3472,25133
15257,21965
20588,19058
21649,22564
7017,25133
14689,1698
6592,10286
1413,6346
24807,24998
19041,25133
15014,21965
21266,21965
22436,21965
10897,16240
4370,20996
19111,16240
23728,12379
12862,5237
20029,19798
6453,25133
2151,12161
21837,9068
7655,20128
7124,6447
3291,23383
9488,12379
16777,21965
1068,12005
23584,3000
12035,14958
19050,23900
8460,4817
17694,5641
4059,8471
3344,11205
5661,3128
4558,23878
10567,14192
9048,4238
23749,16802
19617,1591
19652,8487
8567,11248
10996,24508
24900,22546
8891,10220
11199,3343
16071,25111
24119,14828
24324,9436
21052,18168
19294,15864
20444,2232
421,8440
3220,4434
17123,12988
7418,6648
15812,12256
13653,14059
9958,25414
24798,13576
8027,15362
17959,24631
18027,1531
6998,18116
7490,4684
2467,13883
5290,24311
24047,4689
2778,6606
12213,17031
1739,13854
8449,23224
24048,15999
19954,16489
16764,20800
16860,16972
14263,1482
9403,1505
4712,8714
4195,15140
10444,22511
5276,6486
20883,23979
23435,17238
18106,10014
24088,22743
16566,775
18326,17223
18357,378
13736,23207
14189,18974
19003,18740
24020,21714
15728,6885
7462,8809
22500,15876
1328,10559
9965,3304
13290,245
8418,25187
16615,5854
8054,9611
22894,10610
3292,20018
18295,14295
17041,14560
18423,17977
18890,25187
17573,377
18765,22165
19033,10609
18514,15265
16995,21478
19231,9432
18094,18095
18089,643
17126,6486
17663,4958
18972,22891
16648,17860
19036,9574
17062,12559
17810,15138
16309,23546
16576,18848
18836,18112
17948,16489
17614,12181
18042,20140
18219,2903
17176,6486
18751,6742
16748,9464
18149,2378
18160,15053
18702,24224
19362,13592
16332,23125
16491,8471
18951,16968
17971,18401
18609,6273
16296,18396
17995,6114
16654,21401
17526,8471
17672,4689
18649,23256
19410,13411
17840,505
17652,12234
18014,23866
17471,15834
18375,20187
17052,20800
17774,16395
18806,23098
17184,23806
18670,21331
18372,9830
16433,8134
16421,10236
17767,7498
17631,23332
17202,15344
16836,13889
19192,22743
16364,3358
16911,24246
18934,123
18035,6486
18995,13384
17621,15575
16579,22594
18050,17477
16954,22635
17395,13979
17367,17922
16306,3758
16931,17979
18672,22451
18259,1814
19202,5009
16755,14540
19120,6486
18588,2251
16684,12491
17427,18356
17960,24631
19435,14192
18960,21720
17753,18380
18007,16838
17227,21657
16768,20800
16885,9020
17037,17999
17920,23546
18455,664
18782,22429
18264,24865
16736,6983
17074,25111
16675,6100
19270,14647
17490,20730
18228,22926
16330,9076
17000,10220
18389,17911
18258,10789
16573,775
17886,3318
17984,22743
18200,18168
19142,16536
16924,18093
19404,21896
17328,3982
16525,6162
19291,8440
17649,10758
16656,9858
17215,1814
17269,4839
18080,6413
17765,21165
16523,1264
18994,22567
18203,14440
18352,6654
17314,12256
16864,16972
19240,21433
17353,25111
16360,14310
16846,7864
17720,4689
17035,25111
19229,1482
18791,18275
19152,9337
17148,22740
19160,15876
16570,17463
16658,8672
17449,4839
18010,12276
17955,9617
16567,13854
18531,21075
17759,5615
16795,24177
18616,18487
17630,11736
16438,2611
19133,3008
18811,2360
16430,19503
17555,6046
16319,8212
18838,19037
18863,21705
18343,7654
17217,16074
18924,21736
16740,25032
19212,2537
23867,12960
12208,20554
6310,25133
23969,16746
10648,692
9316,25424
2607,9201
3070,9823
22886,51
3865,11000
20709,20673
3317,2096
2659,23648
6264,18055
16967,18055
24338,18055
25061,18055
6492,18055
6717,18055
748,18055
12385,18055
6155,18055
3865,1371
8715,18055
9680,18055
15589,18055
19902,18055
22750,18055
24301,18055
10771,18055
3470,18055
3479,18055
13132,18055
8402,18055
18662,18055
16466,18055
11383,18055
2447,18055
22730,17267
19164,18055
20408,18055
2844,18055
924,18055
4326,3543
15480,14740
14968,6488
7671,5
2497,21965
21104,21965
16478,18955
13997,412
12184,17128
12785,21965
9473,10722
19544,16240
6345,15158
6345,10669
8239,25451
3350,8019
4145,832
22475,11778
22475,21965
24582,8983
11800,14922
18911,3579
24278,22666
17318,1571
17318,317
17318,21491
23389,12095
10536,24685
8744,21965
7808,21965
4480,21965
8744,21965
8744,21965
8744,21965
8744,21965
8744,21965
19642,25540
18413,14162
13362,21725
8507,5
6129,21965
6129,21965
20960,21242
7135,2723
19469,532
21998,21965
6068,16240
11902,21965
1216,18761
3082,16240
18279,17833
10817,6116
16840,891
2529,3081
7622,600
20221,20503
10200,2728
16503,18479
500,21965
18147,12379
16718,24473
24341,21965
21601,21965
11974,21965
11974,21965
13908,21965
22428,21965
15990,482
16603,177
12037,5808
7159,16398
3365,21471
119,16398
20871,16398
959,21965
18713,21965
21064,19520
4657,16398
18490,16398
12353,16398
6573,16398
25067,21965
23405,21965
15758,12220
17129,17128
23402,4689
23238,12322
21904,8808
21910,21336
22514,24820
22338,2530
21740,5688
23286,25187
22279,1810
22340,6718
22106,10265
22398,21551
22323,12758
22576,7256
22706,12391
22360,13098
13504,10074
13504,10074
21629,24820
3700,16240
11752,21034
17640,3799
18101,1216
8032,1216
8031,1216
4704,1216
14458,341
14880,23964
557,21965
992,9468
15250,385
17258,20345
336,16240
12527,16240
13025,12404
14383,21413
17579,16187
12652,16187
17894,16187
17831,16187
24930,20977
1611,9333
12159,20977
25258,16187
10924,16187
23021,20977
2542,9333
10006,9333
17401,16187
6253,20977
21435,20977
604,9333
25038,16187
7770,20977
23735,20977
20118,3715
4168,20977
13939,16187
19648,20977
18054,9333
261,20977
21287,16187
18121,16187
23375,20977
4443,16187
11012,20977
24626,16187
25205,20977
11670,20427
19644,18743
19505,20132
1065,13659
23096,24337
4287,12784
9676,21930
4901,21930
5879,12714
5879,12714
2320,21965
4181,21965
20850,21965
11689,21965
11203,21965
15944,21965
10349,21965
11201,21965
5222,21965
19505,20132
22923,22857
7964,21965
12459,21965
14171,21965
5896,21965
1509,21965
14280,21965
14102,21965
24783,21965
15780,21965
5731,21965
14201,21965
20907,21965
20333,21965
3812,21965
7817,21965
415,21965
24464,21965
1018,21965
12619,21965
19300,21965
14499,16240
24331,16240
20046,16240
10154,16240
19171,16240
11206,21965
7957,21965
20851,21965
24782,21965
15945,21965
20329,21965
5223,21965
14103,21965
22862,21965
1513,21965
2324,21965
14501,16240
19117,16240
17594,21965
20504,10881
13025,4620
13025,20531
13025,17764
13025,6491
18325,21965
14309,21965
7960,21965
20734,21965
16596,4314
19116,22490
4159,16738
20338,24463
19115,22490
20341,24463
12912,17856
20385,5620
19684,21965
19030,21965
22936,21965
7913,9674
13025,1586
13025,3179
13025,393
4570,17778
15587,18055
23842,18055
3242,18055
19060,18055
12538,18055
10833,18055
2345,18055
8922,18055
23236,18055
23240,18055
4671,18055
24664,18055
14091,18055
12321,18055
8642,18055
7780,18055
17321,18055
951,18055
19495,18055
7592,18055
7251,18055
20412,18055
4944,18055
21175,18055
7660,18055
5376,18055
18043,18055
20958,18055
2090,18055
24260,18055
15590,18055
14801,18055
13677,18055
15324,18055
17558,18055
21164,18055
7731,18055
10748,18055
10652,18055
9250,18055
23588,25405
18170,18055
23029,18055
481,22476
8793,18055
20915,18055
14915,18055
22682,18055
15503,18055
7112,18055
6657,18055
23355,18055
22460,22321
6931,18055
9016,18055
6505,18055
2693,18055
4495,18055
18859,18055
11006,18055
10523,18055
16008,18055
10500,18055
566,18055
15365,18055
4001,18055
590,18055
13414,18055
17801,18055
22959,18055
9663,18055
16390,18055
25105,18055
1317,18055
19267,18055
21752,18055
5768,18055
22910,18055
2753,18055
20120,18055
20644,18055
24289,18055
18665,18055
2579,18055
12728,18055
1059,18055
11558,18055
10123,18055
23768,18055
12390,18055
21771,18055
6543,18055
22477,18055
11831,18055
7689,18055
3451,18055
20766,18055
15644,18055
2799,18055
3062,18055
4465,18055
22820,18055
7178,18055
13848,18055
12881,18055
8745,18055
20188,18055
16100,18055
6897,18055
869,18055
989,18055
18641,18055
10695,18055
6646,18055
25413,18055
20682,18055
22049,18055
13054,18055
472,18055
12503,18055
22989,18055
6845,18055
20837,18055
19084,18055
13092,18055
19590,18055
23706,18055
15479,18055
20832,18055
23306,18055
24374,18055
7585,18055
14994,18055
4318,18055
18560,18055
10040,18055
7128,18055
731,18055
8258,18055
16114,18055
25356,18055
2340,18055
24682,18055
1616,18055
2119,18055
9217,18055
22113,18055
7721,18055
16125,18055
17092,18055
16131,18055
20376,18055
3394,18055
24592,18055
24840,18055
513,18055
23550,18055
2929,18055
17131,18055
21337,18055
12453,18055
1837,18055
13951,18055
21031,18055
10261,18055
8854,18055
13048,18055
20825,18055
20397,18055
1818,18055
11468,18055
2590,18055
6661,18055
24208,18055
18240,18055
11892,18055
10720,18055
24089,18055
4502,18055
23997,18055
16412,18055
3849,18055
6269,18055
3454,18055
4682,18055
22942,18055
2877,18055
8217,18055
12750,18055
1369,18055
15170,18055
20774,18055
7292,18055
7670,18055
12111,18055
20051,18055
18220,18055
12349,18055
872,18055
17619,18055
12221,18055
9079,19548
18330,18055
9398,18055
3936,18055
22934,18055
4638,18055
14577,18055
7009,18055
14422,18055
6482,18055
8706,18055
7415,18055
13454,18055
17057,18055
24360,18055
11550,18055
6553,18055
20616,18055
9426,18055
20512,18055
9407,18055
12311,18055
2175,18055
7097,18055
21434,18055
23374,18055
17771,18055
3807,18055
15710,18055
12330,18055
14893,18055
4298,18055
2255,18055
13156,18055
4029,18055
23495,18055
21113,18055
8148,18055
17684,18055
23809,18055
7294,18055
24583,18055
25491,18055
7500,18055
22859,18055
1409,18055
4021,18055
2347,18055
5580,18055
6372,18055
6113,18055
24889,18055
2508,18055
23588,5717
23588,14759
16021,18055
5595,18055
12962,18055
23613,18055
19515,18055
14004,18055
14425,18055
2928,18055
4821,18055
7716,18055
16382,18055
9091,18055
15008,18055
14631,18055
24439,18055
17773,18055
7560,18055
22536,18055
18630,18055
5509,18055
4608,18055
9272,18055
13315,18055
21609,18055
24570,18055
22505,18055
18237,18055
5764,18055
21407,18055
2773,18055
7376,18055
11080,18055
12435,18055
22283,18055
16219,18055
6635,18055
17303,18055
243,18055
647,18055
16246,18055
20965,18055
14518,18055
12594,18055
1926,18055
16683,18055
23705,18055
5938,18055
17116,18055
3153,18055
23588,24831
23588,14743
23588,3159
5913,18055
11517,18055
12890,18055
3900,18055
8429,18055
19991,18055
23901,18055
9630,18055
25383,18055
9715,18055
14279,18055
1855,18055
1222,18055
17589,18055
23334,18055
17350,18055
8187,18055
16832,18055
7785,18055
15359,18055
7992,18055
19199,18055
19918,18055
21219,18055
8359,18055
22027,18055
11527,18055
22816,18055
24857,18055
19246,18055
18414,18055
10488,18055
24736,18055
13741,18055
19588,9905
17012,18055
7113,18055
19632,18055
2173,18055
15367,18055
18642,18055
17162,18055
19388,18055
21320,18055
1391,18055
22688,18055
14286,18055
3501,18055
9895,18055
5459,18055
7287,18055
25199,18055
5248,18055
12598,18055
21737,18055
11568,18055
12892,18055
19499,18055
12174,18055
4406,18055
5232,18055
23615,18055
3508,18055
8910,18055
25024,18055
21073,18055
9232,18055
237,18055
16668,18055
7617,18055
4912,18055
18016,18055
12212,18055
8702,18055
1039,18055
5497,18055
15121,18055
15177,18055
14602,18055
11292,18055
1383,18055
23094,18055
25320,18055
7361,18055
24325,18055
8171,18055
22630,18055
23275,18055
15262,18055
21262,18055
20028,18055
19474,18055
21265,18055
10283,18055
25495,18055
375,18055
25248,18055
10513,18055
12430,18055
2148,18055
3511,18055
22381,18055
6914,18055
10287,18055
18833,18055
4862,18055
21102,18055
19525,18055
23644,18055
13223,18055
10036,18055
21481,18055
10667,18055
4332,18055
4133,18055
9730,18055
18011,18055
15454,18055
13479,18055
23539,18055
13304,18055
15510,18055
22401,18055
23293,18055
7439,18055
23679,18055
9214,18055
15831,18055
23583,18055
23471,18055
11832,18055
5493,18055
13257,18055
11520,18055
21390,18055
17371,18055
21332,18055
17190,18055
4646,18055
16810,18055
24858,18055
1242,18055
24348,18055
19841,18055
23588,4641
3104,18055
9413,18055
19170,18055
5114,18055
25089,18055
19279,18055
7790,18055
17465,18055
18289,18055
12835,18055
8041,18055
2811,18055
16041,18055
13571,18055
10914,18055
8383,18055
16642,18055
1693,18055
6206,18055
15907,18055
18239,18055
7524,18055
13252,18055
20595,18055
2459,18055
13514,18055
16792,18055
23468,18055
23572,18055
14053,18055
1265,18055
15418,18055
20392,18055
12334,18055
9199,18055
14852,18055
8783,18055
13221,18055
999,18055
2370,18055
23452,18055
11347,14328
11347,14543
11347,23956
4785,18055
15912,18055
16584,18055
10191,18055
3635,18055
23277,18055
24513,18055
10676,18055
4808,18055
3831,18055
10229,18055
16347,18055
7043,18055
12487,18055
7072,18055
12961,18055
13446,18055
15222,18055
3704,18055
17185,18055
15729,18055
20893,18055
20189,18055
12868,18055
21604,18055
10904,18055
25508,18055
21959,18055
24063,18055
22181,18055
13115,18055
8197,18055
12742,18055
5264,18055
14707,18055
4278,18055
13644,18055
1830,18055
1596,18055
12939,18055
4156,18055
6294,18055
9348,18055
13329,18055
6541,18055
19706,18055
21807,18055
12689,18055
21954,18055
1636,18055
22071,18055
17130,18055
6190,18055
3396,18055
11284,18055
21718,18055
4773,18055
20280,18055
3112,18055
6613,18055
25176,18055
20954,18055
6611,18055
19245,18055
11059,18055
6490,18055
7834,18055
22772,18055
15018,18055
15361,18055
23545,18055
2493,18055
12712,18055
1163,18055
15493,18055
25074,18055
8838,18055
14659,18055
21613,18055
25249,18055
5686,18055
3422,18055
2480,18055
13638,18055
20905,18055
22638,18055
9829,18055
17212,18055
17235,18055
12798,18055
23077,18055
12732,18055
15682,18055
8049,13417
12167,18055
18196,18055
24773,18055
19616,18055
10094,18055
16317,18055
21368,18055
22633,18055
13709,18055
452,18055
23710,18055
25115,18055
16211,18055
17530,18055
174,18055
24845,18055
20290,18055
9516,18055
25524,18055
18689,18055
8605,18055
17089,18055
20123,18055
24707,18055
17812,18055
20047,18055
19663,18055
1349,18055
19715,18055
1469,18055
9580,18055
7540,18055
8219,18055
5049,18055
4419,18055
3602,18055
16655,18055
11118,18055
3214,18055
713,18055
15477,18055
24312,18055
11840,18055
10166,18055
8432,18055
21480,18055
7805,18055
16117,18055
3088,18055
13085,22460
21972,5792
10687,40
11190,16970
14087,15840
1345,21965
22309,21965
22070,25449
16198,1566
15153,21965
13725,13307
19988,25046
14782,7136
5534,16589
17584,9988
12095,11576
22079,24082
23167,9988
4200,9988
24811,3457
14384,2035
12255,21965
4064,21965
10354,16128
14240,16128
22475,18955
13745,16128
20787,16128
1737,16128
1315,16128
23967,8916
4231,16128
12698,16128
16134,16128
4846,16128
10046,16128
10654,15103
22506,16128
15040,16128
4145,18955
12293,16128
21299,16128
330,2477
11807,16128
10401,16128
9444,11760
3252,16128
9917,16128
10841,16128
14424,16128
24027,7620
10860,16128
6870,16128
17905,16128
3497,13166
533,16128
24468,16128
16228,16128
13063,16128
8060,15103
18983,21965
8995,3152
3374,7620
4747,16128
548,16128
12577,16128
19074,16128
13240,15103
23661,16128
20279,16128
2828,16128
8752,16239
6918,16128
1102,16128
22417,16128
24102,16128
7234,16128
7999,16128
17899,16128
15557,16128
4166,16128
17666,16128
13835,16128
1848,16128
283,16128
1614,16239
11667,16128
24558,16128
25035,16128
4401,16128
10760,16128
10560,16128
23124,15103
21253,16128
8884,21965
24694,16128
1920,16128
19719,16128
12184,17128
5014,16128
24081,3152
18776,16128
15900,16128
19862,7620
5654,16128
12673,19024
22164,16128
20836,12688
19255,16128
6641,15103
16205,16128
23781,7620
16402,15103
9723,15103
10756,16128
1952,7620
15185,21965
22805,16128
13465,16128
9671,16128
21486,16128
1609,16128
314,7620
21410,16128
3350,230
3411,16128
10443,16128
18197,7902
9260,16128
197,5767
15543,15103
18561,16128
2234,16128
1112,16128
16791,16128
1130,16128
24914,16239
1750,16128
21911,11760
7819,15103
4479,16128
7671,5
703,21965
703,13753
1774,7003
14597,21965
11691,16240
10427,140
17892,4305
22914,16240
385,7150
21992,9445
8718,10360
19469,532
19670,2867
10156,7085
13632,10460
8744,21965
7135,2723
19391,19385
11194,18493
15470,23648
23917,8033
23667,4208
358,16240
6526,4523
2792,18820
11855,6067
9863,21965
496,4148
4756,21965
6104,18180
1928,21965
704,25539
1459,21965
24440,21965
2612,21965
5611,21965
17746,21965
14299,16240
21721,7723
14108,21965
24791,21965
7208,16240
6895,36
5738,21965
1413,6346
12208,10881
3167,16398
13981,16398
7868,16398
22462,16398
7360,16398
6915,16398
16127,4134
15965,5854
12911,17856
16070,5771
16075,20472
16207,5215
757,14513
16026,6981
16011,7359
16059,22493
15951,9354
15879,9034
12994,12220
20831,21419
14068,11782
16279,13044
7265,18055
15954,13893
12838,10491
16293,23900
16140,17379
16139,21720
16066,8264
16116,14236
16096,10685
16028,16099
5391,17798
16267,18166
1190,10539
5808,21965
11902,1699
24080,8442
18725,21703
17640,18919
20956,9021
4949,16240
22476,21965
18115,21965
14521,21965
2808,11679
5193,7349
2886,21965
21307,9068
21064,19520
23365,2325
10974,5732
3216,15128
18932,16240
3196,13566
20468,3432
17329,7032
5643,20236
14775,21965
5342,16240
13362,21725
20747,21965
14820,21741
14221,16838
14409,18133
14301,25111
19866,3590
14808,20462
15267,24684
14599,21173
13897,3041
15287,5331
14206,22195
23771,17335
14126,9008
23723,5295
14609,24177
14083,11747
14562,7982
19658,18023
14858,8809
13928,23207
14617,18701
13994,25111
14001,13256
14017,4839
14412,10086
14785,11990
19442,18848
15270,329
15093,4499
14815,22003
14374,5641
14619,16758
14120,5641
14809,13542
14568,8511
14624,8297
15235,11087
15087,13520
19532,2634
14110,15323
14669,14958
14483,19690
15208,597
14535,19093
14079,16599
14552,18753
19456,12240
14452,17044
15198,3095
14402,21501
15260,8440
14833,3544
14219,15511
19788,8440
14006,16606
13906,15199
14142,3890
14341,3563
14485,13883
14145,4325
14403,19108
23695,22573
15114,25226
13975,1037
15169,4552
15052,6643
14640,10741
14444,5255
14662,180
10624,10795
3139,8440
14793,9226
20215,17180
14539,12995
14816,25517
4508,8297
14071,23475
19534,16177
15028,24207
14075,13474
14875,21515
14862,10060
14398,10728
14805,12322
14697,9550
14188,16863
13821,745
14859,7982
14113,13883
15062,17232
14095,22743
15137,4689
19731,5562
14976,5406
15229,19226
14731,8940
14269,5154
19742,10187
14281,12005
13936,20800
14800,13865
19394,9165
14890,4579
10837,4927
10837,12379
4467,12379
9389,10610
19764,7850
24723,7018
3292,18135
17740,10527
14867,7866
849,16240
19085,11921
15781,21965
11204,21965
6536,16240
7963,21965
3293,21965
16941,21965
2348,16240
6534,16240
5299,16240
5556,16240
10213,21965
19118,16240
20679,16240
11206,16240
20685,16240
12963,21965
11202,19544
7964,21965
12955,21965
19066,10709
9213,16240
1510,21965
2152,21965
491,21965
14100,21965
881,21965
14494,16240
7264,21965
24781,21965
13025,16240
19505,20132
12756,21965
12889,18055
2030,18055
481,21965
7893,18055
13984,21965
23588,9645
14314,18055
6461,18055
11020,18055
215,18055
16303,18055
15192,18055
16598,18055
23608,18055
15570,18055
11766,18055
4462,18055
19166,18055
16265,18055
22779,18055
6694,18055
18131,18055
232,18055
1496,18055
6435,18055
21432,18055
24229,18055
3317,8401
15541,18055
12990,18055
21197,18055
9153,18055
22709,18055
15134,18055
1065,13659
23442,18055
9635,18055
797,18055
1872,18055
23129,18055
15337,18055
5047,18055
22683,18055
9197,18055
25194,18055
11918,18055
529,18055
22886,51
6175,11256
22714,18055
20441,18055
422,8427
7702,18055
10000,18055
10511,18055
8373,18055
3865,23932
3347,18055
12230,18055
22640,18055
1788,18055
4497,20869
25536,18055
21258,18055
16519,18055
5860,18055
16016,18055
22730,17267
19972,18055
12121,18055
1761,10881
11324,18055
16815,16240
15677,18055
4350,18055
3276,18055
12116,18055
2153,18055
1454,18055
5103,18055
18636,18055
19863,18055
8608,18055
8352,18055
11929,18055
20925,18055
5758,18055
4326,3543
481,10316
18115,9611
19988,10557
12095,21965
12095,22728
5870,23667
5870,10966
21362,40
12184,17128
19541,1801
1801,1
1801,19519
17828,9623
9623,16240
9623,16240
7671,5
22922,17838
15153,19952
15153,16240
15153,18552
20545,24014
10557,21965
25046,21965
17804,51
10134,21965
11463,22025
19988,10673
4314,11177
14532,21965
1437,16193
1473,12095
24012,12095
16546,25279
7808,21965
24489,21965
561,8367
9318,25133
22808,22222
15307,25514
4446,16240
23947,20121
13362,21725
19469,532
17349,21965
1628,21157
5070,16240
10171,15193
10171,5
7135,2723
23239,12328
14104,21965
15803,5279
25363,1544
13222,23187
18764,14564
5230,21965
21928,13700
7879,22415
18279,17833
16497,16240
8744,21965
16777,20833
4892,21965
18658,21965
14325,21965
3193,21965
23811,16240
12701,2325
16173,21965
9541,21965
8588,21965
6991,21965
19392,19385
18725,21703
8266,1361
8993,9562
8993,12379
20417,24961
21307,5783
7259,21965
21307,9068
720,23888
21428,9587
5503,16398
4639,16398
16062,16398
3330,16398
20966,21965
6511,16240
5259,21965
23284,12379
18533,3861
20956,21965
21985,18135
500,10412
500,21965
2886,21965
313,16398
7150,16398
3196,13566
3196,13566
11210,21965
7655,8636
17686,9151
1516,12620
11199,16942
12622,1511
17855,12914
16943,11205
12910,17856
7661,21965
21546,20052
5525,21965
12208,8045
9227,23444
15650,21665
15788,17386
15868,14513
16013,9924
15690,9590
15568,11619
23074,13302
15660,14529
19027,1810
15850,25187
19809,10188
16056,17101
15598,25483
20163,22743
15764,12904
15807,12256
15922,23261
15612,10001
15699,15743
15427,7846
15825,5543
15902,6441
15883,25111
23080,12974
22227,12097
15371,13831
15823,8364
15847,14962
15559,21783
15744,1962
15621,12765
15926,13435
15481,16489
16156,22117
16713,2878
15697,23207
23547,16106
15656,24075
15820,17665
15292,12050
15735,4243
15801,14885
22575,12800
15856,14317
22595,7681
16052,13889
20233,21965
10316,21965
17640,3916
17640,8075
5367,21965
15402,21965
25137,21965
14024,21965
23868,21965
8254,21965
22133,21965
17372,21965
6603,21965
2135,21965
3874,19519
1109,16240
3317,3991
3865,13750
2949,17267
6779,409
7397,5792
9318,25133
1570,13753
17828,19509
19509,13697
19509,12839
17569,13753
18249,206
206,21965
206,21965
19541,14908
14908,16240
14908,16240
4722,11422
14695,23981
11377,14904
11377,13753
7531,25133
18053,23013
11052,21965
7671,5
15904,21965
15904,438
5392,10677
591,16240
24066,9887
20596,10476
17201,21965
17201,21965
18911,16240
591,16240
6794,4147
22731,9180
1150,832
4145,21965
4145,23857
6345,23408
22475,21965
8884,21965
12095,24126
18911,16667
12095,10639
20227,4241
1565,12804
18820,14489
1361,14489
327,21965
20960,21242
5163,21965
5856,4614
17308,10360
8744,21965
8744,21965
7808,21965
10671,4485
21684,5945
13362,21725
7135,2723
9227,23444
17405,1278
4247,21324
21634,7827
21762,7075
21762,10360
5070,1699
15800,23631
13222,23187
1628,1699
18317,24895
14773,21965
22266,14294
10564,21639
19803,3881
11944,21965
1413,6346
2374,17902
13594,21965
10718,21965
5230,24473
22881,16240
11175,16240
15881,21965
20417,19797
4219,21965
11563,21965
17727,16239
19764,19026
698,21965
8054,16240
17550,24473
11701,19520
24716,9068
13930,7981
16904,18732
15310,8256
18738,6039
540,16398
16687,16398
20125,16398
20849,16398
21587,16398
22250,21965
16552,25539
1298,16240
12208,21965
2128,16240
8725,7488
13417,22088
5303,21965
10412,21965
25538,1216
18137,1216
11199,19544
2036,14384
18299,2686
20331,24463
16803,23757
20554,10881
9363,18690
17602,21965
11287,16240
18932,21965
18932,21965
17968,24222
7697,21965
10519,2107
4527,15103
16779,21416
12859,10709
336,16240
5355,21965
8993,22244
15641,12211
15257,9285
15257,5371
15257,21965
15257,16240
15257,21965
15257,353
19878,1227
16123,4689
15793,23980
15563,18148
16130,2611
15581,9400
15330,10175
15686,14347
15977,18119
16135,14527
15773,6602
15523,2584
15399,1531
6610,20345
13834,2009
19032,24909
14382,16865
15453,19288
5280,34
7240,22415
422,8427
16120,21965
3865,11000
6779,2908
2949,17267
8056,21965
9452,21965
12743,16240
21189,20213
18967,12730
76,16240
9515,25133
19428,24234
7397,5792
20935,16540
7177,16540
18213,12470
12470,10689
10538,17132
8174,19519
8174,438
3055,16240
8136,7983
17846,16240
12289,10411
21931,21494
23092,1173
9227,23444
21649,22564
14656,16451
496,3540
13222,23187
16030,14434
433,1821
20029,23013
3899,3881
1628,1699
4896,21965
17494,7981
12095,21965
11779,3457
6068,16240
13586,16240
10410,16398
5660,3128
10566,14192
4055,8471
23592,3000
176,16603
6851,1216
19392,19385
18738,16714
17204,21965
24050,16240
13834,7878
19032,10622
9057,12002
15067,1698
6317,15748
19122,12082
13025,19718
13025,18856
13025,11681
13025,5107
13025,12973
13025,21976
13025,18176
13025,8064
13025,22542
13025,7740
23295,21965
14802,21965
11163,21965
9535,21965
503,21965
21021,19567
13964,21965
14689,16240
4013,5237
10315,25539
12382,19651
8592,16240
13666,16240
9687,21965
12811,21965
21244,5827
2623,23013
24202,24473
10519,21965
8045,21965
7017,25133
13100,12379
500,4885
16715,257
10170,16240
2776,18685
7240,7981
10687,40
13679,18055
11320,18055
3632,18055
1087,18055
22248,18055
13881,18055
5817,18055
20147,18055
3989,18055
10105,18055
12200,18055
14724,18055
24136,18055
24778,18055
15466,18055
3147,18055
7336,18055
3698,18055
24612,18055
8805,18055
13937,18055
19098,18055
9601,18055
11913,18055
13554,18055
8623,18055
18757,18055
11331,18055
6320,18055
14431,18055
13548,18055
21524,18055
3235,18055
24298,18055
9033,18055
24655,18055
18110,18055
11117,18055
2750,18055
14645,18055
16918,18055
16172,7981
4044,21
2659,23648
10655,18055
5309,17267
19095,18055
4326,3543
554,5656
7727,21965
13307,21029
7671,5
25003,8336
1335,21965
10639,21965
23319,21965
24126,21965
1640,21965
18619,21965
3368,16240
21232,16240
8239,25451
4145,21965
4145,23857
3350,21965
21779,21965
130,4722
14384,13488
2293,6172
22475,8699
15030,17344
13362,21725
25171,21965
7135,2723
19638,8778
23552,18596
11786,21965
11235,16240
17676,8336
12061,688
2151,12161
12061,6338
23365,2325
10522,9210
3196,13566
21538,21965
11974,21965
22486,16240
25346,19107
21064,19520
12751,21965
7959,21965
1512,21965
24784,21965
12616,21965
3809,21965
13200,16398
19110,16240
5466,14735
8873,16398
11169,16398
18114,16398
18547,16398
3325,16398
5298,19526
5298,19526
18952,16968
10997,24508
15808,12256
17972,18401
14265,1482
17775,16395
18766,22165
16649,17860
16311,23546
24686,10536
17063,12559
18374,20187
17671,4689
17653,12234
18807,23098
18610,6273
18703,24224
18516,15265
17527,8471
19039,9574
18102,10014
7419,6648
19034,10609
18422,17977
7468,8809
19409,13411
22501,15876
18040,20140
7491,4684
16749,9464
17809,15138
17574,377
18294,14295
17175,6486
16994,21478
17615,12181
17125,6486
18096,18095
17474,15834
23488,10278
18161,15053
17053,20800
5294,24311
16295,18396
16577,18848
24049,4689
16492,8471
19361,13592
18013,23866
16653,21401
18971,22891
17664,4958
8023,15362
16331,23125
16769,20800
7002,18116
17042,14560
16572,775
17183,23806
10445,22511
17839,505
18150,2378
17949,16489
17996,6114
21053,18168
19230,9432
16866,16972
18750,6742
18221,2903
17961,24631
18835,18112
9964,3304
18648,23256
24042,15999
18088,643
22864,8159
15990,13807
15257,21965
18932,16186
1225,5140
2465,16240
19032,16240
16779,21416
16779,21416
16779,21416
16779,21416
11247,26
17784,21965
9797,16240
13834,3818
19859,4793
23132,21965
18897,19126
22217,7157
4335,3792
2294,20427
14635,22871
19085,11921
10379,20684
12336,25118
616,9611
19505,20132
996,915
7913,21227
19505,20132
19505,20132
14237,25261
11201,16240
1065,13659
19500,24842
6033,10416
9701,17510
17603,21965
11166,21965
13565,21965
8586,21965
722,21965
9598,21965
6327,21965
10812,21965
3225,21965
17539,21965
19790,21965
24336,21965
4610,21965
1509,21965
6403,21965
14105,21965
11002,21965
11943,21965
19545,16240
2123,16240
6326,21965
3227,21965
6777,21965
23326,21965
6776,21965
17533,21965
13562,21965
9465,16240
6779,3928
15584,21965
12058,21965
6779,14571
6779,16481
15495,21965
10811,21965
9595,21965
6295,21965
6440,16240
23221,7131
22317,5849
19859,4793
23323,11944
25511,15307
23588,23896
23588,1034
1179,19611
19684,12500
19684,21965
481,21965
11022,21965
6525,16240
22923,21267
12278,16240
24794,22766
4570,3693
4570,24383
4570,16240
4869,15363
13129,18055
21600,18055
24314,18055
21576,18055
24046,18055
1775,18055
4966,18055
8284,18055
969,18055
13360,18055
4617,18055
11134,18055
10506,18055
5263,18055
13689,18055
17854,18055
8143,18055
25186,18055
23854,18055
3774,18055
686,18055
19105,18055
6424,18055
21963,18055
1273,18055
17300,18055
21213,18055
8086,18055
388,18055
22388,18055
3901,18055
15967,18055
6278,18055
19292,18055
5218,18055
3505,18055
7407,18055
5638,18055
23205,18055
13087,18055
17416,18055
8832,18055
18127,18055
24415,18055
6754,18055
18898,18055
16033,18055
6625,18055
7975,18055
7869,18055
4818,18055
3868,18055
18409,18055
22525,18055
24124,18055
9524,18055
25362,18055
23549,18055
21710,18055
21325,18055
2861,18055
9164,18055
1967,18055
19295,18055
4759,18055
7978,18055
10441,18055
3162,18055
5203,18055
13083,18055
3117,18055
21425,18055
21293,18055
24106,18055
9483,18055
23588,7623
6373,18055
13008,18055
4469,18055
13950,18055
20886,18055
18393,18055
24418,18055
784,18055
18887,18055
7703,18055
7892,18055
7337,18055
2748,18055
391,18055
19698,18055
4336,18055
11533,18055
10766,18055
2582,18055
1948,18055
16672,18055
6416,18055
14045,18055
1028,18055
19518,18055
17874,18055
3102,18055
24937,18055
21958,18055
21153,18055
9191,18055
1398,18055
4152,18055
2154,18055
7324,18055
6268,18055
18085,18055
5589,18055
1450,18055
22032,18055
23571,18055
21952,18055
25172,18055
7060,18055
24268,18055
12476,18055
13187,18055
21917,18055
4512,18055
4146,18055
24522,18055
9097,18055
13953,18055
12922,18055
24533,18055
6584,18055
20923,18055
16264,18055
23498,18055
17891,18055
6011,18055
11453,18055
12843,18055
24092,18055
25002,18055
17925,18055
3342,18055
2790,18055
14359,18055
13598,18055
2414,18055
9026,18055
23037,18055
9729,18055
16753,18055
17655,18055
17697,18055
19825,18055
1439,18055
1874,18055
6220,18055
15442,18055
11448,18055
4815,18055
22392,18055
20058,18055
3932,18055
9998,18055
12558,18055
1052,18055
25224,18055
21079,18055
15378,18055
11317,18055
10585,18055
128,18055
21309,4949
5430,18055
7991,18055
9641,18055
15075,18055
10516,18055
22696,18055
3280,18055
2229,18055
23828,18055
14241,18055
328,18055
9353,18055
21526,18055
17456,18055
18966,18055
3435,18055
21146,18055
16807,18055
16372,18055
726,18055
6935,18055
9103,18055
21059,18055
16870,18055
4091,18055
6422,18055
6699,18055
2673,18055
10716,18055
15286,18055
14851,18055
25294,18055
11604,18055
12468,18055
13639,18055
23032,18055
10016,18055
23831,18055
2644,18055
24372,18055
8566,18055
2064,4949
23176,18055
24611,18055
2475,18055
5401,18055
13769,18055
3682,18055
8155,18055
9981,18055
12269,18055
15015,18055
12525,18055
1503,18055
5868,18055
1573,18055
22721,18055
6266,18055
360,18055
12138,18055
15452,18055
21322,18055
18405,18055
9206,18055
1009,18055
4056,18055
2703,18055
13184,18055
24349,18055
11713,18055
21529,18055
7861,18055
25180,18055
19890,18055
14865,18055
22430,18055
3889,22460
8722,18055
24201,18055
20757,18055
6642,18055
9900,18055
1419,18055
13641,18055
11219,18055
17843,18055
16305,18055
19264,18055
13952,18055
18485,18055
10177,18055
3067,18055
22746,18055
6884,18055
8724,18055
22873,18055
19129,18055
9568,18055
20064,18055
8146,18055
9585,18055
19396,18055
21326,18055
7156,18055
24317,18055
20307,18055
2387,18055
9046,18055
18942,18055
13121,18055
15905,1881
11411,18055
1261,18055
15467,18055
18140,18055
3142,18055
6683,18055
22723,18055
18333,18055
9485,18055
21940,18055
7048,18055
6501,18055
1082,18055
12425,18055
23785,18055
21935,18055
23760,18055
16701,18055
21400,18055
14051,18055
3312,18055
6357,18055
10484,18055
17491,18055
11319,18055
9385,18055
13572,18055
23875,18055
11066,18055
448,18055
16270,18055
11314,18055
3684,18055
10940,18055
10312,18055
2462,18055
9939,18055
7176,18055
18921,18055
22263,18055
17005,18055
13555,18055
6017,18055
13924,18055
4122,18055
11948,18055
6620,18055
2339,18055
13892,18055
24936,18055
23641,18055
7057,18055
8925,18055
16808,18055
16272,18055
3612,18055
24378,18055
18296,18055
20218,18055
23479,18055
5861,18055
22911,18055
16819,18055
13506,18055
21951,18055
23278,18055
9278,18055
20652,18055
1726,18055
12521,18055
12935,18055
20430,18055
19481,18055
9288,18055
12277,18055
10273,18055
19880,18055
18997,18055
17157,18055
24926,18055
9113,18055
24269,18055
22348,18055
9529,18055
20261,18055
15733,18055
3218,18055
23204,18055
16906,18055
15435,18055
83,18055
17084,18055
6128,4949
16005,18055
1716,18055
10413,18055
12295,18055
24096,18055
21795,18055
23794,18055
22955,18055
20006,18055
1046,18055
15252,18055
24467,18055
2252,18055
24313,18055
7114,18055
14096,18055
19564,18055
12929,18055
17568,18055
5821,18055
11600,18055
19329,18055
7852,18055
17167,18055
12047,18055
19766,18055
13901,18055
16121,18055
7962,18055
19045,18055
222,18055
6825,18055
20344,18055
4292,18055
11938,18055
16564,18055
9170,18055
17564,18055
15245,18055
13503,18055
9647,18055
21209,18055
18205,18055
18654,18055
2442,18055
19833,18055
14034,18055
11115,18055
13793,18055
15646,18055
20610,18055
5016,18055
25143,18055
9554,18055
9971,18055
14845,18055
4393,18055
258,18055
10151,18055
927,18055
14041,18055
18001,18055
5741,18055
24382,18055
14613,18055
7806,18055
6802,18055
15182,18055
8800,18055
19008,18055
22272,18055
6696,18055
481,18984
4492,18055
4663,18055
7328,18055
11479,18055
14308,18055
10112,18055
15366,18055
21616,18055
19894,18055
14352,18055
13830,18055
169,18055
20255,18055
10389,18055
5586,18055
3248,18055
25408,18055
14040,18055
4799,18055
22002,18055
7688,18055
2038,18055
1456,18055
23526,18055
2599,18055
9893,18055
13920,18055
20717,18055
22691,18055
3843,18055
5858,18055
24551,18055
22893,18055
4280,18055
24711,18055
9086,18055
21251,18055
15244,18055
7243,18055
17315,18055
23485,18055
5123,18055
22780,18055
23588,13480
23588,8937
23588,2613
23588,8087
23588,18716
144,18055
1676,18055
20327,18055
14251,18055
24569,18055
2333,18055
5150,18055
7110,18055
987,18055
5823,18055
19596,18055
22632,18055
10832,18055
6056,18055
20930,18055
11923,18055
9911,18055
19278,18055
22796,18055
12629,18055
23537,18055
14217,18055
21680,18055
3803,18055
1613,18055
13849,18055
25302,18055
20540,18055
8234,18055
5443,18055
10680,18055
7326,18055
12693,18055
2983,18055
14864,18055
8132,18055
7456,18055
24710,18055
9138,18055
12991,18055
15694,18055
19165,18055
22528,18055
17704,18055
5098,18055
16725,18055
15007,18055
12883,18055
20367,18055
9780,18055
14388,18055
9304,18055
1663,18055
8450,2805
21972,4018
9318,25133
3513,648
4942,22858
11052,16240
2094,25017
6506,10677
20545,24014
4145,21930
22475,21965
3856,10673
8884,21965
14532,21965
5163,9792
18365,380
7207,16240
2243,18625
8744,21965
8744,21965
15185,11522
19469,532
13362,21725
19433,21965
7135,2723
15470,23648
9021,14332
15611,18591
15611,10360
574,21965
14525,6444
1413,6346
11084,6972
24017,21965
24950,36
23388,19154
13222,23187
20029,23013
13209,10678
16503,18479
13408,42
11026,20160
14065,21965
21537,12002
21064,2325
4224,24721
25034,18832
16543,5
17117,17431
23908,21965
20574,21965
3009,10522
13618,16240
11701,19520
8972,10881
7798,21965
14101,21965
16398,21965
16398,21965
3892,7866
16030,14434
9363,18690
18984,21965
18725,21703
6719,16398
17366,17922
18373,9830
16884,9020
17921,23546
16769,20800
18006,16838
17754,18380
18453,664
18963,21720
19436,14192
16365,3358
16735,6983
16756,14540
17075,25111
17394,13979
17226,21657
16432,8134
18783,22429
16578,22594
16307,3758
18229,22926
17428,18356
18260,1814
18051,17477
19269,14647
18996,13384
18933,123
16910,24246
16955,22635
16686,12491
18390,17911
18669,21331
17203,15344
19203,5009
18587,2251
16422,10236
18034,6486
16930,17979
16835,13889
17489,20730
19119,6486
18257,10789
16572,775
17622,15575
19191,22743
17632,23332
17768,7498
17961,24631
16333,9076
17038,17999
18265,24865
16674,6100
18673,22451
500,21965
17554,24560
9852,12236
2886,23396
21103,21965
22209,21965
11302,21965
25481,21965
16779,21416
16779,21416
12208,15022
17640,19689
6636,2276
24543,21965
17550,18761
17885,3318
6898,21965
9619,25133
18201,18168
20342,21965
19141,16536
19315,16240
16925,18093
19403,21896
17327,3982
12964,4580
16526,6162
8419,3881
7671,5
19290,8440
17648,10758
16657,9858
17214,1814
608,7244
17268,4839
18417,7866
18081,6413
17606,9611
17766,21165
13903,16240
6892,36
16524,1264
18992,22567
2527,6067
18204,14440
17378,12379
18351,6654
16866,16972
21948,16444
19242,21433
7397,21647
17828,12319
12319,22754
12184,17128
18211,13753
9318,25133
6041,16240
10673,21965
10163,21965
19176,21965
8120,21965
7671,5
15153,3457
15153,21965
15153,21965
15153,21965
12412,7401
23385,23981
19390,19385
794,13197
22475,21965
4145,21965
1262,24278
17152,1900
21302,18218
12095,20598
12095,21965
12095,21965
12095,4323
9011,1601
12095,7171
12095,627
12095,6202
12095,21965
12095,20005
12095,17002
16693,21965
20927,21965
12586,21965
7717,21965
11909,21965
20692,21965
24862,21965
18046,21965
13946,21965
12475,21965
10902,21965
8869,21965
12803,21965
10292,21965
14601,21965
5125,21965
2314,21965
12192,21965
14523,21965
3613,21965
12585,21965
22095,21965
24670,21965
23349,21965
10935,21965
24352,21965
9526,21965
21628,21965
24387,21965
20623,21965
20194,21965
630,21965
17478,21965
1886,21965
2400,21965
9588,21965
4996,21965
3096,21965
18739,21965
13188,21965
14324,21965
16890,21965
22883,21965
19359,21965
2851,21965
20026,21965
25380,21965
16383,21965
14291,21965
17504,21965
983,21965
5425,21965
12497,21965
19476,21965
8285,21965
24661,21965
12215,21965
10196,21965
12819,21965
9032,21965
15544,21965
18682,21965
22070,25449
22475,7620
4145,11177
830,16128
17725,16128
9960,16128
6078,16128
7619,16128
8003,16128
5605,16128
9100,16128
22325,16128
8744,21965
4192,10881
19497,10881
17789,7125
9507,21455
7207,16240
11717,57
7136,12757
7153,438
7808,21965
20960,21242
18118,5
24717,16251
7135,2723
13362,21725
19127,10610
19127,21965
7322,4707
11194,18493
15149,16486
20712,4707
3189,10689
14396,4184
16380,23187
4920,3924
12031,6304
23947,20121
608,5
2783,15423
21649,22564
10564,21639
5132,22442
22785,3584
22914,10893
20029,23013
1413,6346
3009,16240
1400,2325
22513,8661
22864,20833
8223,21965
21675,3881
12554,3322
14735,21965
8977,3009
11388,23013
13573,16240
14471,22648
23885,23013
10974,9068
3925,21965
15221,21965
23158,21965
23692,23013
2720,21965
21837,16714
16398,21965
16398,21965
16398,21965
16398,21965
16398,21965
16398,21965
16398,21965
17115,21965
9227,23444
20103,4927
20103,12379
22321,19277
20955,5237
17218,16074
17556,6046
18618,18487
18810,2360
16659,8672
19213,2537
19134,3008
16359,14310
19159,15876
17354,25111
16320,8212
18009,12276
17036,25111
19228,1482
18790,18275
16571,17463
18839,19037
17451,4839
16436,2611
18532,21075
16742,25032
17147,22740
17954,9617
16568,13854
17760,5615
16794,24177
19153,9337
17629,11736
18344,7654
18923,21736
16429,19503
23841,18055
17719,4689
18862,21705
9552,14070
12850,14070
22735,21965
2055,21965
13025,16240
19911,16240
12208,16240
18666,15255
13477,14384
19046,14970
15785,24051
3953,14032
2107,21965
17640,3086
17640,21311
17640,7406
17640,15424
17640,15049
16030,14434
16779,21416
15279,23930
21742,21965
10295,18647
24114,24892
24114,18236
11863,16147
12188,2901
11703,5649
7023,8297
12033,1810
12106,24134
12006,15483
11977,12599
11912,17223
11960,9436
11950,19099
5246,8297
11981,9337
11622,2232
11866,25111
11998,13404
12141,17980
11729,18309
12100,20813
11806,23578
12152,13314
11851,23863
11754,5017
12069,4812
11822,19012
11758,10685
11657,25335
11775,11032
11692,6073
12010,5924
11957,3942
12091,20771
11719,4839
11683,3223
11616,22743
2911,10247
11563,11880
20135,24457
422,8427
1259,8256
13025,24733
13025,9548
13025,10438
12346,19519
18973,6712
13025,20402
13025,8811
13025,21475
13025,9090
13025,506
13025,3842
13025,20209
13025,5099
13025,4330
13025,2120
13025,20844
13025,19815
13025,16356
13025,966
13025,981
13025,16240
13025,7170
13025,8313
13025,23030
13025,16240
5309,17267
3720,21965
4326,3543
9520,21965
19135,5227
7397,8731
6443,10157
23365,2325
6443,10157
9127,25133
18249,18429
18429,19798
18429,16240
21701,668
17633,3119
19703,9611
17633,3119
1912,8238
18248,8238
12528,25133
2764,3610
3610,21965
1375,14564
14894,25133
7017,25133
21883,25133
11975,21965
10424,25133
24067,6019
4685,8238
616,9611
7972,234
16349,10476
16380,23187
6310,25133
3472,25133
9791,25133
2326,36
4379,8367
22266,14294
20029,23013
19370,25133
20675,21965
6891,9775
19041,25133
11734,9611
21160,21965
6453,25133
4387,9809
23295,21965
914,21965
23446,21965
1721,6448
23320,21965
12199,21965
22004,21965
7066,21965
14879,25133
3507,21965
3134,21965
11416,21965
8592,16240
24633,21965
1413,6346
16495,20532
18725,21703
193,12417
18253,21965
11175,16240
24278,17283
24278,7877
7136,4742
10297,24618
7231,25352
17640,467
17640,5059
5643,24473
5775,21056
5775,11897
14880,21965
7025,8297
7025,8297
15257,21965
15257,16240
15257,21965
15257,579
15257,21965
15257,21965
15257,21965
15257,21965
15257,21965
15257,15240
15257,16240
15257,21965
16779,21416
12211,21965
20372,3509
2910,10247
23750,4722
21203,16187
7068,20977
14616,16187
9491,16187
14679,16187
1550,20977
5865,20977
6450,16187
15314,20977
10791,20977
6351,9333
18299,6448
3472,25133
6920,10881
16299,21388
2151,12161
7442,10634
9791,25133
4885,21965
21244,16240
22273,2616
15022,16240
23344,9358
13825,19009
12694,13044
13458,12516
13870,21252
13308,18663
12978,1962
13344,7666
13720,17085
12837,10491
13032,4300
13773,19739
13704,23312
12364,21129
12830,5641
12482,3294
13579,22743
13862,1471
12887,8664
12627,18998
12989,19793
13532,890
13340,23912
13242,14945
12715,8153
12504,3404
13515,15835
12853,11895
12969,12227
12340,20439
13561,6386
12708,24789
13715,7828
13040,6486
12920,1104
13558,21174
12411,9367
18569,20473
12958,19935
13349,14242
12676,2611
13613,25117
13804,21395
13623,775
13816,21653
12324,24405
12179,344
13124,11393
13131,23256
18203,19537
12530,23261
12609,24031
13103,7483
13216,15138
13288,1810
13794,12350
13346,6743
13440,14711
13582,3649
12428,2822
12567,7828
13333,21453
13285,10342
12654,18020
13635,2098
13788,24143
12348,13390
13876,8320
13752,19649
13367,2412
12560,8440
13563,23261
13182,9402
13381,11363
12400,493
13693,17931
13761,19319
13277,22091
12305,7974
12643,775
13784,9264
13300,2491
13443,15504
13743,10327
13379,19680
12243,9869
12281,22743
13782,17073
12204,7080
13539,7800
13526,13610
13198,22262
13588,15372
14069,10657
13080,24761
12374,22743
13524,17893
13236,9751
13729,5200
12777,18187
13153,19605
12924,20794
13145,16728
12239,25021
13527,23068
13106,15742
13374,12172
12148,476
13846,14470
13492,10048
13248,20948
13149,3466
13778,6486
500,15984
10519,5204
17859,24771
8649,57
13196,85
2776,18685
8559,25531
12346,3519
18657,24457
20709,20673
12812,21965
1895,18055
11985,18055
6695,18055
14987,18055
8226,18055
15294,18055
24164,18055
15021,18055
12794,18055
1293,18055
20798,18055
6728,18055
3089,18055
3865,23647
8990,18055
8403,18055
19822,18055
6548,18055
11142,18055
8414,18055
3983,18055
10999,18055
7245,18055
19307,18055
16020,18055
10038,18055
760,18055
24793,18055
4326,3543
11122,248
7727,21965
11935,6148
3195,21739
7671,5
18097,2855
7207,16240
7207,16240
20598,21965
4145,5936
22475,21965
3856,7578
17834,5973
14173,21965
24278,2396
25443,4722
13620,12095
23808,13275
23808,12115
8744,21965
8744,21965
8744,21965
8744,21965
8744,21965
13362,21725
3818,1821
7135,2723
19670,2867
10556,7639
19469,532
785,10555
4161,9618
11797,824
6338,21965
19546,21965
6990,19519
16398,21965
16398,21965
7208,15103
12936,3009
16718,24473
16398,21965
16398,21965
16398,21965
16398,21965
21064,19520
22936,8033
20043,10199
2886,8336
3196,13566
4559,21965
14935,21965
14005,16606
14144,4325
14536,19093
13907,15199
14205,22195
19864,3590
14127,9008
14620,16758
19441,18848
13896,3041
14410,18133
14082,11747
14220,15511
14078,16599
5685,18055
15261,8440
23720,5295
15095,4499
14111,15323
15268,24684
14222,16838
23276,18055
2033,14384
4239,20227
14567,8511
14016,4839
14598,21173
14285,18055
14807,20462
14373,5641
14784,11990
15200,3095
14451,17044
15269,329
13996,25111
14414,10086
15207,597
14300,25111
19083,18055
11569,18055
14832,3544
22478,18055
5492,18055
14810,13542
19531,2634
14404,19108
19787,8440
14821,21741
14551,18753
8443,24080
19455,12240
15085,13520
21261,18055
5265,18055
14141,3890
14484,19690
23770,17335
19657,18023
14002,13256
16588,5534
23694,22573
14119,5641
14486,13883
14610,24177
14625,8297
14618,18701
15234,11087
24591,18055
15288,5331
15257,21965
20208,12379
16030,14018
17727,3861
15257,21965
1810,21965
2886,9543
18784,14760
9319,14760
23722,14760
15257,16240
24114,22020
24114,21545
12082,16240
23640,7609
15257,19106
15257,18348
15257,13703
15257,21278
15257,8053
15257,16817
16507,5115
21488,21965
13100,692
23456,9333
8607,16187
24656,20977
6103,20977
22592,9333
24166,16187
9379,16187
13694,16187
2838,20977
13499,20977
11500,20977
16996,16187
22786,16187
3326,16187
12780,16187
20691,20977
10562,9333
15312,16187
7699,16187
21751,20977
5063,23880
5063,1998
5063,10498
5063,494
25276,3307
12122,7466
5796,10772
4949,24005
5656,8342
5063,13013
5063,15456
5063,4524
5063,20339
19085,11921
19505,20132
19644,18743
14237,13045
7913,632
23216,12931
9605,4922
9701,20389
10379,20684
1065,5168
19505,20132
6780,21965
14343,21965
6773,21965
4769,21965
6771,21965
17532,21965
19897,16240
11207,16240
23607,21371
19505,20132
11371,14170
7263,21965
5731,21965
7964,21965
10414,21965
23161,21965
20991,21965
11168,21965
6404,21965
2831,21965
9291,21965
18384,21965
13911,21965
8680,21965
23324,21965
8617,21965
24548,21965
21997,21965
363,21965
8268,21965
9453,21965
24785,21965
14105,21965
24783,21965
5524,21965
2053,21965
15512,16240
15230,16240
2879,16240
19118,16240
11690,16240
13667,16240
12738,16240
5730,21965
14342,21965
6781,21965
721,21965
17540,21965
11167,21965
18383,21965
20988,21965
19896,16240
2881,16240
1463,16240
3228,21965
23321,21965
2883,16240
18518,3432
21971,10881
8967,10881
11195,19519
11196,19519
11170,21965
3226,21965
3921,21965
1714,21965
19684,21965
4667,16240
17538,21965
2830,21965
8686,21965
23322,21965
20985,21965
15232,16240
15513,16240
2880,16240
10891,16240
19898,11691
25278,16546
8687,5303
13263,20233
13264,20233
8435,24080
3297,4018
19913,21965
12414,21965
2490,21965
10405,21965
12640,16240
15583,21965
13371,16240
7034,16240
4570,7067
8033,126
8033,187
16873,18055
1747,18055
4186,18055
13177,18055
3043,18055
3918,18055
10977,18055
9555,18055
6708,18055
7258,18055
7672,18055
19082,18055
10320,18055
14118,18055
175,18055
20538,18055
4523,12446
23715,18055
1678,18055
14806,18055
12300,18055
19102,18055
22738,18055
9807,18055
20386,18055
9360,18055
20527,18055
23066,18055
17082,18055
23254,18055
4053,18055
23959,18055
9123,18055
11146,18055
15144,18055
24575,18055
9040,18055
12769,18055
22482,18055
6356,18055
5639,18055
24362,18055
12754,18055
22658,18055
10279,18055
928,18055
5058,18055
1356,18055
14353,18055
12537,18055
9644,18055
11223,21290
2391,18055
24019,18055
22081,18055
2456,18055
20847,18055
24565,18055
2392,18055
12195,18055
23067,18055
173,18055
16602,18055
4150,18055
8565,18055
8831,18055
5045,18055
20744,18055
9627,18055
23567,18055
11230,18055
9072,18055
14912,18055
20357,18055
16386,18055
10783,18055
11451,18055
15457,18055
18888,18055
2522,18055
19786,18055
17197,18055
18575,18055
20978,18055
19311,18055
5752,18055
1710,18055
19144,18055
23042,18055
8049,16163
22585,18055
4245,18055
10311,18055
21156,18055
3840,18055
7842,18055
12885,18055
13525,18055
12210,18055
2010,18055
22524,18055
22941,18055
14897,18055
17377,18055
12625,18055
7835,18055
6321,18055
20021,18055
4758,18055
19630,18055
24797,18055
23928,18055
15112,18055
20777,18055
5194,18055
5762,18055
3549,18055
11347,5207
11347,11405
11347,21275
11347,22615
4533,18055
16195,18055
9643,18055
10884,4949
22251,18055
1661,4949
19679,18055
1405,18055
23874,18055
3883,18055
8453,18055
23610,18055
2952,18055
1142,18055
7644,18055
4257,18055
17528,18055
7984,18055
19924,18055
9866,18055
20834,18055
12555,18055
274,18055
18178,18055
17792,18055
9482,18055
25370,18055
7733,18055
8486,18055
9305,18055
22019,16685
7304,18055
13995,18055
8323,18055
22806,4949
2762,18055
12967,18055
16785,18055
5288,18055
874,18055
19942,18055
19869,18055
563,18055
16611,18055
21523,18055
21776,18055
20067,18055
10155,18055
10022,18055
7859,18055
4780,18055
1195,18055
15542,18055
18216,18055
5687,18055
7192,18055
4199,18055
6840,18055
22016,18055
13574,18055
14196,18055
23588,5889
23588,16381
17513,18055
9867,18055
2206,18055
19678,18055
6248,18055
12638,18055
10330,18055
6513,18055
7558,18055
9738,18055
20945,18055
1869,18055
9517,18055
2389,18055
4962,18055
17285,18055
1140,18055
21864,18055
15527,18055
3103,18055
8966,18055
16702,18055
19138,24678
453,18055
13853,18055
5411,18055
18646,18055
9178,18055
23588,3735
12176,18055
24403,18055
7485,18055
18620,22460
23992,18055
23436,18055
17793,18055
24321,18055
18671,18055
5933,18055
16956,18055
23588,1006
23588,7302
23588,18562
23588,16621
14856,18055
24394,18055
23586,18055
18044,18055
25081,18055
15413,18055
13545,18055
5063,297
11819,18055
10630,18055
21644,18055
7041,18055
5404,18055
8577,18055
10020,18055
22210,18055
5727,18055
20940,18055
23932,5387
17865,18055
14966,18055
23751,18055
6785,18055
19504,18055
8386,18055
2896,18055
23920,18055
6163,18055
4319,18055
22449,18055
16767,18055
4873,18055
15588,18055
1445,18055
19080,21290
12834,18055
23491,18055
18913,18055
10483,18055
16729,18055
2965,18055
20422,18055
23814,18055
13025,14791
13025,11543
13025,10206
5063,7054
21972,16891
21972,7239
19843,5656
17828,21558
21558,1
21558,19519
3931,14718
7671,5
6836,8810
17201,21965
7578,21965
13229,14592
591,16240
7207,16240
6345,2178
6345,23408
8239,25451
9011,114
4722,17049
10968,4722
5362,4722
20351,20245
9543,14489
17345,1
6453,25133
3736,8238
8744,21965
8744,21965
15983,3946
790,25450
23595,8369
8718,10360
19041,25133
1570,438
11975,21965
7886,5
6129,24111
7455,16240
13362,21725
6665,16240
19469,532
20083,9864
7135,2723
16380,23187
23667,4208
21649,22564
19578,6067
22319,2092
2529,16240
14231,36
1692,36
11107,3540
2849,3197
23947,20121
20029,23013
6745,19571
16800,24473
16779,21416
15553,12379
2964,16240
20711,21965
22408,2443
18252,3009
15971,4882
25401,21965
16280,21965
7387,16240
22057,16240
1158,16240
21064,2325
8613,21965
24723,7018
16398,16240
16398,16240
16398,16240
17541,21965
2237,21965
16480,21965
15507,16240
12336,25118
16398,16240
16398,16240
16398,16240
5415,16240
16603,25004
16030,12379
19625,3565
12815,10881
7530,5237
3166,12810
5511,5237
5643,16240
1653,1635
24786,21965
13012,21965
24173,21965
17536,21965
17339,21965
18719,21965
9594,21965
23869,21965
12248,21965
10808,21965
962,21965
12753,21965
7958,21965
14500,16240
2285,12161
21362,40
14254,3295
9489,4940
20956,16652
4183,14396
20311,21965
2721,21965
3133,21965
19249,21965
7394,16240
2037,14384
4077,2232
12123,7779
12993,12220
3694,742
20468,20946
500,21965
24744,21965
18758,16240
7017,25133
14218,21965
4487,21965
2637,21965
3974,21965
9596,21965
5894,21965
15397,21965
7820,21965
13451,21965
910,21965
23872,21965
19854,21965
14112,21965
7257,21965
7990,21965
1840,21965
1089,21965
17352,21965
20856,21965
24790,21965
10218,21965
1519,21965
7815,21965
8901,16240
19123,16240
15440,16240
15878,16240
847,16240
9637,16240
22054,16240
10519,21965
10845,8367
9236,12460
9480,22446
9471,6060
9268,4117
9514,1938
9802,4689
9565,16489
9519,1968
9322,21007
9392,7544
9380,9436
9774,1299
9438,25136
9579,21929
9537,4689
9616,4256
9699,6486
9349,23734
9523,11157
9689,12841
9345,21376
9573,19038
9462,1234
9570,15511
4242,20227
9223,18184
9739,14681
9658,8774
9499,19023
9477,9436
9508,18769
15748,14837
15250,18349
2707,25431
1125,21965
18314,14884
4766,11303
500,4477
21973,18397
7667,21965
5136,17389
9865,25306
10379,20684
19505,20132
22923,7126
1065,13659
17852,16240
4287,6579
422,8427
22172,21965
8046,21965
17539,21965
1789,21965
10078,21965
9593,21965
17054,21965
11166,21965
19064,21965
900,21965
1050,21965
9297,21965
2106,21965
1514,21965
23325,21965
3225,21965
18251,21965
4897,21965
3129,21965
1464,16240
13938,16240
17361,16240
13585,16240
10991,16889
2144,21965
22171,21965
17359,16240
17853,16240
19500,17656
22674,20656
22173,21965
17362,16240
24884,24457
6712,21965
13337,21965
19063,21965
24640,21965
1665,21965
24890,16240
4924,16240
21654,16240
1468,16240
7400,12412
17363,14689
24641,21779
481,10881
13025,2994
13025,18175
13025,1894
13025,16240
13025,21511
13025,8585
13025,12506
13025,24806
13025,5071
13030,21965
7395,21965
13296,21965
11030,21965
13025,13887
13025,11369
13025,11283
13025,3260
13025,5899
13025,15381
13025,12193
5063,14888
5063,22394
5063,24178
5063,1297
5063,11860
5063,20346
12658,18055
12467,18055
4749,18055
20089,18055
7405,19354
6904,18055
23798,18055
18742,18055
17179,18055
24933,18055
3986,18055
22159,14857
24149,18055
5828,18055
1522,18055
22653,18055
23235,18055
20639,18055
120,18055
5925,18055
3339,18055
481,20553
16662,18055
12431,18055
10018,18055
16883,18055
13647,18055
24662,18055
20036,18055
6552,18055
6933,21290
16455,18055
12511,21290
15438,18055
1639,18055
12733,18055
15352,18055
15463,18055
23588,16022
23588,20989
14716,18055
14405,15714
9898,18055
9985,18055
18367,18055
12933,18055
11506,18055
4326,3543
15396,16240
5063,1918
5063,5093
5063,4149
5063,14626
5063,198
5063,3346
5063,23296
5063,18611
5063,25537
5063,7309
21972,11338
21972,23667
21972,2755
9318,25133
12184,17128
12822,10881
14592,21965
24913,10634
7671,5
7153,21965
7153,438
17049,21965
4145,23857
15074,14564
8884,21965
3856,22410
3856,21528
15185,21965
18541,10057
16334,10140
6041,3373
4684,9370
3350,14593
3350,7131
20960,21242
5885,14564
24379,21965
21744,4485
16646,25533
7527,9845
7136,17711
19090,18872
13421,25168
13362,21725
19469,532
11312,1821
10377,2008
7135,2723
19301,8889
1655,20042
2689,6136
16146,13126
16380,23187
24477,18135
7334,23144
7879,23144
24311,5295
14642,20922
24668,16240
6990,13697
20029,23013
23947,20121
20377,57
8241,20984
2430,12379
1413,6346
19471,21965
8857,1570
16718,22827
19314,16240
19693,16240
12667,16240
17930,16240
22053,16240
24345,23001
7723,19345
22330,6960
7480,22837
4514,21965
18725,21703
23159,906
1181,16240
14895,16240
20758,21965
1577,21965
23318,21965
5160,21965
11940,21965
9790,21965
23447,21965
8385,21965
10104,21965
7712,16240
4715,21965
2066,3785
18147,12379
9566,5697
16398,16240
16398,7551
12842,9562
12842,12379
6940,21965
3216,15128
21333,9371
15567,19756
12446,21965
4949,21965
20352,149
20352,14634
20352,149
20352,737
16398,16240
16398,16240
16398,16240
16398,16240
5442,6448
500,16240
25286,21965
20956,21733
24887,16240
20396,14906
2886,20852
4571,21965
4305,3332
20553,10881
14700,19837
25431,210
17041,13868
11494,4499
10607,19337
10388,7736
11038,7548
11188,20860
11071,2899
11601,9436
11181,17312
11349,22108
10272,14413
11644,23333
11150,22328
10745,3399
10821,25303
9877,15707
10017,22743
10743,21778
10454,9436
10425,19937
10586,4057
11215,11216
10120,7089
11561,20743
10866,20462
10115,18906
11056,10183
10636,23829
11125,5780
10487,22604
11447,1770
10058,24432
11946,957
11651,740
11197,22817
11593,23207
10922,16322
11187,10072
10369,23072
10929,7340
10084,1538
10823,8071
10197,11031
10346,14161
10081,22743
10955,13547
11111,24775
10645,11876
10963,18276
14202,2419
9936,9436
10900,3294
10839,3337
10033,24442
10938,18172
11261,20585
10942,18661
10107,4142
11588,12147
9752,8836
10804,22702
10994,137
10617,15511
11398,18272
11455,15189
11050,8199
9835,16960
9856,19748
11439,23331
10308,9728
9873,7916
9816,23546
11357,15138
10618,24768
10706,14362
11178,21357
10054,4347
10026,10167
10701,24427
11339,25088
11212,16603
11322,4300
11481,25193
10814,419
11272,10417
11286,18420
10392,11573
11472,20355
11242,20080
11159,4689
11470,18191
9933,520
10668,7420
9749,11636
10478,12005
10675,3270
11462,20136
11253,23531
11490,4003
10420,2288
9962,11582
11149,22469
22575,5007
11509,14450
15443,12925
11572,18987
11537,22743
11836,23900
11508,4262
11553,23546
16433,95
10235,12773
10843,24253
433,489
194,5724
8573,23633
20900,24457
2067,21
14198,21965
22019,21965
2659,23648
18973,5200
3865,21010
21782,9201
17900,21965
7397,11077
20078,13093
14511,21965
22410,21965
9134,4722
25182,15556
24189,13768
20852,14489
8261,13325
14894,25133
8884,24769
24582,21965
8051,1949
15185,21965
7671,5
3350,21965
24769,21965
4145,21965
7136,14106
17732,14235
20303,8367
8744,21965
8744,21965
11975,21965
8963,1
19509,13697
16585,17373
23411,4872
9327,4872
11007,21965
21649,22564
7321,21965
12518,8288
1628,5095
14358,4633
15753,21965
24922,10631
10857,21965
14392,21965
12038,23472
8507,16240
16730,16240
16380,23187
16146,13126
8022,16240
7927,8367
20984,21965
7135,2723
14714,13739
15470,23648
7885,7115
3785,21930
24222,8033
10024,3881
3995,16240
7723,1
7208,9373
16398,16240
10377,2008
16398,16240
3693,25094
21915,6225
16589,14371
16078,16240
18245,19174
4849,21965
12407,21965
21907,12379
2895,5501
20029,23013
9371,4684
2137,21965
8122,6133
7710,10485
14399,10728
15882,25111
15569,11619
14860,7982
14443,5255
15029,24207
13822,745
14538,12995
15228,19226
15700,15743
15429,7846
14115,13883
15923,23261
15063,17232
14799,13865
15689,9590
14661,180
15651,21665
14817,25517
15851,25187
12911,17856
15373,13831
15867,14513
15115,25226
19810,10188
19535,16177
14641,10741
15136,4689
22225,12097
15168,4552
15560,21783
15808,12256
10623,10795
19732,5562
13935,20800
16012,9924
14975,5406
14804,12322
13974,1037
14861,10060
14792,9226
15745,1962
14874,21515
23071,13302
7486,8725
14282,12005
15661,14529
16057,17101
15827,5543
14094,22743
14889,4579
15901,6441
23081,12974
15597,25483
14696,9550
14072,23475
15789,17386
15763,12904
15613,10001
14270,5154
19395,9165
15824,8364
14074,13474
14730,8940
20161,22743
15848,14962
15051,6643
14187,16863
16898,1216
20272,1216
16399,1216
14600,1216
366,1216
15865,1216
9371,9370
19771,20711
20706,19777
24574,9068
15875,16240
4408,21965
9791,25133
18725,21703
13362,21725
17640,2346
17640,21799
9566,1664
9286,20076
24114,18896
23761,18647
24114,4768
2216,3278
11079,23546
10755,16782
10594,2974
11017,23196
23074,23843
10325,13569
10490,10132
9922,16014
10794,25102
10042,24532
10988,2677
10013,14828
15257,1930
15257,23048
15257,15726
15257,8924
15257,14790
15257,14363
15257,11632
15257,11294
16779,21416
16779,21416
24717,5266
22266,14294
24723,7018
23947,20121
24127,9736
5204,21965
15984,21965
12208,10998
4477,16240
10687,40
7017,25133
13025,20613
13025,24910
13025,6271
13025,16473
15257,4898
20956,21965
2151,12161
13025,24601
14988,12477
11274,4445
15819,1
13025,18281
13025,19765
13025,21577
13025,22374
6485,18865
1933,1
15257,5600
15257,2931
15257,10431
15257,1271
15257,22443
15257,3359
3480,10335
20225,10335
15257,1485
5209,15434
10379,20684
19085,11921
19505,20132
1065,13659
17539,21965
2630,21965
13448,21965
5896,21965
3980,21965
9598,21965
6236,21965
7596,4079
7519,4079
24197,4079
24286,4079
2294,20427
7240,23144
2309,21965
17901,21965
24785,21965
19500,22655
20858,21965
11332,21965
2517,21965
2305,21965
19070,16240
6231,21965
3129,21965
11709,21965
20987,21965
6238,21965
2308,21965
2882,16240
4578,21965
11334,21965
14105,21965
2520,21965
1509,21965
11710,21965
1497,16240
24642,21965
23325,21965
5296,24311
14635,22871
1498,16240
21066,19938
2879,16240
7913,2921
1464,16240
2515,21965
18624,16240
15231,16240
13842,21965
5209,15434
1496,16240
2776,18685
2521,21965
22460,21965
11335,21965
13840,21965
2141,21965
11711,21965
4572,21965
2356,21965
5948,19823
5063,11583
5063,1380
5063,16183
5063,8905
5063,15962
5063,14639
5063,9420
5063,25057
5063,9172
5063,7536
5063,12686
5063,18152
5063,18527
5063,22646
5063,3975
5063,6906
2307,21965
19505,20132
6235,21965
22923,18306
778,18055
10344,18055
19536,18055
20073,18055
3763,18055
2751,18055
24137,18055
484,18055
17807,18055
15637,18055
21248,18055
13581,18055
10181,18055
12804,7866
10649,18055
12455,18055
19782,18055
22963,18055
25130,18055
17710,18055
3865,1250
6873,18055
1408,18055
4153,18055
15065,18055
1044,18055
275,18055
18519,18055
1758,18055
7538,18055
3737,18055
20347,18055
23625,18055
22561,18055
7342,18055
22406,18055
22120,18055
12564,18055
24660,18055
15805,18055
4687,18055
2095,18055
442,18055
17374,18055
20809,18055
2577,18055
20049,18055
12423,18055
15730,18055
8759,18055
19445,18055
13191,18055
10861,18055
23152,18055
17199,18055
16796,18055
4553,18055
18860,18055
9726,18055
24989,18055
24518,18055
18015,18055
13847,18055
10874,18055
678,18055
10888,18055
8488,18055
15893,18055
12591,18055
1483,18055
584,18055
17250,18055
6337,18055
16411,18055
23426,18055
13305,18055
11184,18055
20723,18055
201,18055
8950,18055
22745,18055
5426,18055
11441,18055
3417,18055
8293,18055
9691,18055
10834,18055
11675,18055
16092,18055
11861,18055
18486,18055
3681,18055
11005,18055
20201,18055
13434,18055
11697,18055
14558,18055
14487,18055
22112,18055
19683,18055
16384,18055
7088,18055
7049,18055
16171,18055
2009,22460
2887,18055
11842,18055
20034,18055
16080,18055
8921,18055
24320,18055
7533,18055
4342,18055
6837,18055
11432,18055
15089,18055
17383,18055
18501,18055
13377,18055
22826,18055
5271,18055
16084,18055
6549,18055
20953,18055
13765,18055
21463,18055
5956,18055
21898,18055
18529,18055
3284,18055
4720,18055
16166,18055
2757,18055
12316,18055
5931,18055
1822,18055
18964,18055
24557,18055
18319,18055
11397,18055
16190,18055
934,18055
18381,18055
4114,18055
16877,18055
21810,18055
6497,18055
12563,18055
19268,18055
6496,18055
14555,18055
3880,18055
21142,18055
19857,18055
9918,18055
14239,18055
6412,18055
8126,18055
2618,18055
21083,18055
3455,18055
6391,18055
23242,18055
19622,18055
4586,18055
13163,18055
3016,18055
21677,18055
25152,1076
8088,18055
21507,18055
14877,18055
15987,18055
20253,18055
20768,18055
18876,18055
24667,18055
11015,18055
8332,18055
18918,18055
8823,18055
7297,18055
9646,18055
4850,18055
7081,18055
7167,18055
23133,18055
15462,18055
24606,18055
12878,18055
16376,18055
18692,18055
5703,18055
6047,18055
22822,18055
3392,18055
10933,18055
14129,18055
19097,18055
20582,18055
23952,18055
1362,18055
19189,18055
22367,18055
22673,18055
4987,18055
9035,18055
18935,18055
14333,18055
15383,18055
23246,18055
20044,18055
3657,18055
24151,18055
9219,18055
13459,18055
12648,18055
437,18055
9982,18055
21098,18055
14954,18055
10203,18055
24993,22587
6740,18055
2225,18055
10101,18055
12102,18055
13294,18055
24940,18055
14981,18055
18301,18055
18763,18055
24366,18055
6020,18055
17196,18055
5436,18055
1742,18055
12608,18055
17813,18055
7953,18055
12998,18055
24859,18055
2111,18055
24213,18055
12157,18055
23588,10470
1960,18055
13879,18055
23669,18055
14160,18055
6720,18055
16403,18055
23724,18055
10041,18055
12755,18055
11606,18055
14198,9241
8777,18055
21068,18055
14960,18055
4203,18055
21138,18055
25242,18055
13094,18055
4602,18055
5857,18055
99,18055
828,18055
14056,18055
21870,18055
4383,18055
7457,18055
23057,18055
12997,18055
14406,18055
22194,18055
23977,18055
19629,18055
22797,18055
10959,18055
20781,18055
10116,18055
3078,18055
22699,18055
20476,18055
24959,18055
7199,18055
12633,18055
24389,18055
4484,18055
13505,18055
10633,18055
1730,18055
19669,18055
11297,18055
13552,18055
8894,18055
23833,18055
15591,18055
23208,18055
17165,18055
6810,18055
521,18055
19615,18055
14136,18055
24292,18055
5907,18055
12944,18055
14654,18055
7638,18055
14972,18055
22662,18055
6254,18055
5188,18055
5386,18055
19218,18055
7615,18055
3116,18055
12898,18055
4634,18055
24954,18055
835,18055
15241,18055
20593,18055
5651,18055
16425,18055
1417,18055
9684,18055
15035,18055
8610,18055
121,18055
6658,18055
24696,18055
2958,18055
4629,18055
9397,18055
16213,18055
10973,18055
16511,18055
1058,18055
20269,18055
18938,18055
24095,18055
13674,18055
2661,18055
8111,18055
13488,10881
15364,18055
11853,18055
22425,18055
5219,18055
24423,18055
680,18055
11140,18055
17758,18055
11291,18055
1975,18055
15147,18055
7809,18055
974,18055
4515,18055
15653,18055
1688,18055
21949,18055
16297,18055
13517,18055
19961,18055
15794,18055
15813,18055
12672,18055
20550,18055
25470,18055
4509,18055
21281,18055
22950,18055
2278,18055
21347,18055
21151,18055
3333,18055
11325,18055
23961,18055
17464,18055
13812,18055
16363,15714
24875,18055
22180,18055
7399,18055
1656,18055
23849,18055
8102,18055
5408,18055
20421,18055
10146,18055
6715,18055
15277,18055
23931,18055
22000,18055
18914,18055
17637,18055
23588,3909
23588,19401
23588,23677
23588,17797
8366,18055
18267,18055
3666,18055
16691,18055
5488,18055
1974,18055
23923,18055
958,18055
20726,18055
20843,18055
18744,18055
629,18055
17027,18055
873,18055
17291,18055
235,18055
23223,18055
24220,18055
4976,18055
17252,18055
11856,18055
15972,18055
4934,18055
25151,18055
21439,18055
7938,18055
355,18055
7709,18055
19838,18055
19958,18055
20313,18055
10878,18055
2629,18055
23590,18055
17781,18055
24837,18055
12649,18055
14583,18055
21270,18055
7348,18055
1540,21965
18970,18055
15787,18055
1254,18055
4357,18055
146,18055
9906,18055
24256,18055
16851,18055
18464,18055
20653,18055
13138,18055
4112,18055
17863,18055
15896,18055
13232,18055
4547,18055
18307,18055
5579,18055
19146,18055
4863,18055
23886,18055
7867,18055
14938,18055
25065,18055
17153,18055
18637,18055
14453,18055
21517,18055
22274,18055
16245,18055
22932,18055
24443,18055
22584,18055
9688,18055
11772,18055
23387,18055
2869,18055
12729,18055
7910,18055
2295,18055
11926,18055
7741,18055
14901,18055
1287,18055
8315,18055
322,18055
9612,18055
3923,18055
14660,18055
5637,18055
12550,18055
22253,18055
10056,18055
15406,18055
6309,18055
509,18055
1040,18055
2057,18055
6973,18055
10571,18055
21548,18055
23316,18055
24750,18055
5180,18055
9478,18055
2231,18055
4121,18055
17800,18055
20382,18055
2334,18055
3754,18055
23085,18055
2323,18055
22727,18055
6544,18055
20220,18055
17903,18055
446,18055
2219,18055
20025,18055
14957,18055
16965,18055
10397,18055
20962,18055
6336,18055
1057,18055
7221,18055
17325,18055
4066,18055
15109,22563
11958,18055
15303,18055
8743,18055
13789,9913
690,18055
21447,18055
10581,18055
7954,18055
1546,18055
15817,18055
24334,18055
2287,18055
9475,18055
12855,18055
20620,18055
13168,18055
2001,18055
22614,18055
13488,4949
22050,18055
23230,18055
2428,18055
1515,18055
8229,18055
696,18055
23404,18055
609,18055
17790,18055
23409,18055
22498,18055
17677,18055
3212,18055
13805,18055
12396,18055
19839,18055
436,18055
6798,18055
13962,18055
5961,18055
5450,18055
10021,18055
8119,18055
15638,18055
16563,18055
14835,18055
8173,18055
3219,18055
15376,18055
2384,18055
3308,18055
7979,18055
25177,18055
23621,18055
2402,18055
7404,18055
4169,18841
20157,18055
132,18055
5418,18055
19957,18055
23730,18055
25423,18055
24898,18055
18594,18055
20790,18055
23719,18055
11427,18055
8915,18055
15550,18055
10375,18055
5795,18055
21567,18055
871,18055
11104,18055
9504,18055
6279,18055
20270,18055
21925,18055
3401,18055
20731,18055
9188,18055
14604,18055
5241,18055
24990,18055
5423,18055
1907,18055
7606,18055
25379,18055
8186,18055
8953,18055
8506,18055
24388,18055
3560,18055
1853,18055
14123,18055
20090,18055
15595,18055
17273,18055
22485,18055
20666,18055
10176,18055
15949,18055
18943,18055
16999,18055
14438,18055
10627,18055
11580,18055
24086,18055
22689,18055
17583,18055
15129,18055
17517,18055
6432,18055
1355,18055
7553,18055
21012,18055
23629,18055
9406,18055
1252,18055
23210,18055
19343,18055
24161,18055
7621,18055
8222,18055
598,18055
21988,18055
13654,18055
6692,18055
16722,18055
13020,18055
15919,18055
3468,18055
4701,18055
24818,18055
2549,18055
15684,18055
9931,18055
5898,18055
25027,22563
16978,18055
9649,18055
8582,18055
17535,18055
10554,18055
6335,18055
2645,18055
23157,18055
17332,18055
22459,18055
6487,18055
1067,18055
12133,18055
20353,18055
5409,18055
7676,18055
19125,18055
4665,18055
15839,18055
5542,18055
21054,18055
9098,18055
20751,18055
23463,18055
14479,18055
1995,18055
23181,18055
17626,18055
24893,18055
3858,18055
13491,18055
3217,18055
1100,18055
11381,18055
13699,18055
15214,18055
21035,18055
17658,18055
7944,18055
19971,18055
19215,18055
22947,18055
21179,18055
18975,18055
3782,18055
10622,4949
2500,18055
14198,5008
14198,21965
14198,21775
23303,18055
15502,18055
20799,18055
17788,18055
13025,22765
13025,16499
13025,23462
13025,12119
13025,352
13025,17459
13025,15691
17739,2726
4326,3543
11065,19519
21972,3130
21972,911
21972,5792
21362,40
24677,8367
4466,8367
24882,18872
1560,8367
22865,8367
24194,18872
6002,18872
8622,3486
22858,21965
21340,25438
24236,39
16298,10634
14043,6488
24454,16227
15153,21965
15153,21965
7671,5
21302,21965
13307,22316
13307,17825
22363,21965
591,16240
591,16240
11299,6348
4145,23857
14155,1691
24969,21965
12031,16240
18153,14593
6530,8152
8152,21965
11975,21965
9675,1288
24066,9887
2311,13991
15185,21965
508,16240
12757,21965
12095,22924
18911,13336
12095,10819
15301,21965
12062,21965
18873,21965
24120,21965
14476,21965
11208,21965
5468,21965
2791,21965
16475,21965
23145,21965
20171,21965
23646,21965
22650,21965
8194,21965
3158,21965
2705,21965
2357,21965
23093,21965
23528,21965
5993,21965
15727,21965
19522,21965
18850,21965
10291,21965
2628,21965
5185,6172
21118,6172
9914,6172
20039,6172
5126,6172
18958,6172
11885,6172
8420,6172
11029,6172
21519,6172
12381,6172
7065,6172
19675,6172
1987,24174
5702,16240
6330,16240
14232,11153
22070,25449
8938,17681
9335,17681
10853,17681
11720,19184
14379,21873
11716,8700
8180,8336
10712,8336
15501,8336
7663,8336
1827,8336
17357,8336
23119,8336
20665,8336
6955,8336
4975,8336
1671,8336
17561,8336
9425,8336
22798,8336
5881,8336
12621,8336
4510,20348
14733,1178
8744,21965
18418,6612
9833,16223
9772,16223
8718,10360
13472,1821
19469,532
952,8103
7135,2723
19638,13166
4368,19519
13362,21725
16460,8225
14537,12684
16380,23187
7446,36
8744,21965
8744,21965
8744,21965
8744,21965
8744,21965
6893,36
20468,24473
10424,25133
2242,16847
24891,10509
13486,21965
13273,21965
20106,21965
5934,21965
15628,21965
16950,21965
18500,21965
14621,21965
3586,10509
21597,16240
15998,16240
7668,22648
14542,21965
3418,21965
12528,25133
17249,5237
22768,12379
19056,21965
15123,19519
3472,25133
6991,7866
24668,19205
21021,19567
9119,20678
18525,16240
18778,4927
18778,12379
11022,8033
19625,17433
18511,3432
10323,3432
21333,17826
8827,2039
9363,18690
12526,12379
14050,15459
4197,879
13310,25133
12208,16240
9374,4684
5290,24311
4680,9370
12140,17980
12007,15483
11774,11032
2033,14384
11658,25335
15821,17665
23548,16106
11951,19099
16050,13889
11980,9337
15734,4243
22596,7681
11757,10685
11823,19012
11914,17223
11961,9436
12070,4812
15925,13435
11755,5017
5247,8297
11976,12599
12151,13314
11805,23578
15857,14317
15293,12050
22576,12800
12108,24134
15522,2584
15978,18119
15687,14347
16157,22117
18968,12730
11682,3223
8833,18055
3988,18055
15256,18666
5138,1225
11718,4839
15580,9400
16129,2611
13084,18055
9525,18055
21424,18055
12092,20771
11534,18055
11956,3942
21916,18055
12011,5924
9025,18055
22722,18055
1717,18055
19330,18055
15802,14885
15792,23980
16145,5792
9318,25133
9318,25133
19390,19385
10851,23231
22597,18872
6836,17390
18249,2977
2977,21965
2977,21965
7671,5
4303,3881
17981,10801
6041,21965
17201,21965
17201,21965
17201,21965
9211,3332
12786,25201
8884,21965
7382,21528
20960,21242
3350,18955
22453,21965
3350,21965
76,16240
24913,10634
4742,21965
12042,8612
24379,21965
24379,21965
8744,21965
8744,21965
21719,19860
4145,11048
4145,18955
4145,1529
6702,25014
8718,10360
14256,1821
19071,9611
7135,2723
8239,25451
19469,532
19301,8889
24721,5
10377,2008
7885,10689
20429,9775
16083,11442
20727,9775
16002,36
13362,21725
14556,16217
16380,23187
16915,12236
19670,2867
25363,1544
1413,6346
9192,10689
20029,23013
4102,5
25416,13923
2495,24473
13594,21965
9940,16240
7571,24473
23947,20121
15871,4297
20435,7474
9566,5697
21649,22564
23221,8033
6745,16417
2568,21965
984,16240
14970,21965
21412,21965
3729,21965
10133,21965
800,21965
16443,16240
24723,7018
21738,21965
18725,21703
16299,21965
22894,10610
3186,14294
842,5839
18843,13843
7723,19519
7723,9611
24620,21785
14931,5237
15194,14548
21333,17311
24834,20935
17826,13307
5295,23721
20711,19777
359,21965
11982,21965
5341,16240
18647,16240
13824,19009
13490,14384
13490,14384
15772,6602
11693,6073
12977,1962
12838,10491
13861,1471
16136,14527
13705,23312
12831,5641
12481,3294
15620,12765
12189,2901
13871,21252
12695,13044
13343,7666
12363,21129
12000,13404
11862,16147
13721,17085
15698,23207
11852,23863
11706,5649
15482,16489
13772,19739
13309,18663
13578,22743
15562,18148
16124,4689
13031,4300
11617,22743
12034,1810
21188,20213
12099,20813
13457,12516
15658,24075
11864,25111
3872,18055
11728,18309
5063,11102
5063,17133
5063,1652
13338,21965
10998,16240
2872,16240
14880,21965
14050,7278
25399,2027
20373,15884
21278,21965
19106,21965
18348,21965
13703,21965
14837,13619
15815,16240
15255,10070
1810,17779
25456,18156
10519,16204
12208,12339
15279,23930
9140,22384
7074,19316
24769,2205
16817,21965
8053,21965
10802,25133
7397,72
16175,25141
16697,8367
7488,13229
13229,16240
13229,21965
13229,21965
14172,18872
447,8367
6345,23612
6345,23408
21528,21965
6310,25133
12095,15196
12095,13482
13339,21965
18349,6172
14667,14447
8471,13476
25414,16283
25414,14377
22025,6172
21819,6172
9675,4073
425,6172
17636,6172
1371,6172
17828,4138
4138,16240
4138,16240
2319,21965
2230,9959
13672,8367
12613,21739
3350,8983
7671,5
12184,17128
22475,14961
9636,3457
1310,16444
19380,19385
12027,6844
19379,19385
19619,18872
24379,21965
25056,17551
9408,7505
11274,4445
15048,21965
23411,4872
9327,4872
6316,10612
4676,16240
6453,25133
12528,25133
15519,4628
15023,10634
1177,24357
7017,25133
16144,21965
16974,13817
7334,23144
16380,23187
17003,14564
19469,532
20946,21965
9791,25133
19370,25133
25238,5893
10424,25133
24066,2930
5643,7032
7135,2723
13462,9445
8597,16664
9127,25133
17633,3119
13331,8618
7208,16240
15194,14411
15010,21965
2990,9563
17311,15777
4748,21965
230,2897
22789,16240
12031,5
91,21965
24206,21965
5866,5
10202,16240
17317,21965
14906,21965
17826,17825
11974,21965
11974,21965
20029,23013
15000,21965
25247,1797
19578,6067
5839,9363
23511,21965
3371,16391
21883,25133
13742,10327
13875,8320
12716,8153
12280,22743
13557,21174
13104,7483
12531,23261
13199,22262
13341,23912
13439,14711
12238,25021
12919,1104
13152,19605
12709,24789
13299,2491
18204,19537
13284,10342
13235,9751
13795,12350
13785,9264
12956,19935
12410,9367
13636,2098
13243,14945
12778,18187
12347,13390
13516,15835
13568,23261
13380,11363
13276,22091
12427,2822
13378,19680
13348,14242
13289,1810
13537,7800
13533,890
18570,20473
13781,17073
12926,20794
13345,6743
14068,10657
13130,23256
13624,775
13368,2412
13123,11393
13584,3649
13815,21653
13612,25117
12566,7828
12888,8664
12644,775
13786,24143
12178,344
13217,15138
12323,24405
13181,9402
12505,3404
12970,12227
12610,24031
12376,22743
12561,8440
13751,19649
12653,18020
13587,15372
12675,2611
13334,21453
12205,7080
13082,24761
13730,5200
12628,18998
13528,13610
12244,9869
12987,19793
12341,20439
13144,16728
13695,17931
13762,19319
13523,17893
13039,6486
12306,7974
13714,7828
13803,21395
13445,15504
12399,493
13567,6386
6379,21965
12208,21965
10519,16240
14465,1
17311,17310
14642,20752
7209,1033
24574,5659
8351,21965
5063,6173
5063,8220
5063,25028
5063,7860
5063,12947
5063,16233
5063,20500
5063,2927
5063,3500
5063,21651
5063,24029
5063,11306
24477,11000
14521,8159
795,21965
13362,21725
20309,21965
22297,16240
16199,21965
2833,21965
11336,21965
21594,21965
8540,21965
1284,9675
20810,16148
2996,21965
16541,21965
13134,21965
3823,16240
10952,21965
102,9611
17640,18482
6075,7982
6393,14814
8631,25111
6575,2611
6312,11882
17221,5684
5555,892
5623,13883
7062,14989
7476,10307
9004,10714
8798,14942
8556,6413
6247,17135
8331,18079
6655,6859
8394,17699
6095,5709
7412,23038
9029,1110
6160,24702
6734,22495
6858,4651
7313,23420
7193,8387
8215,12071
7106,429
8697,7158
8763,1867
9168,17983
8177,17020
6833,16838
7146,13265
20184,19551
8017,18308
6942,377
5141,1225
8795,20564
6944,13591
7169,23207
9107,4689
8784,15083
6097,134
7686,16922
8063,10307
8740,16838
8859,21095
9131,22695
6921,14416
9229,14154
7036,18379
7470,8440
7083,14114
7388,25101
9126,23810
7494,22734
7845,3853
6339,2611
16590,5534
8317,19953
6727,4839
8289,5620
7183,21127
2034,14384
9390,5641
8562,5458
7634,18380
6569,14156
6970,14989
20976,5159
7045,22541
7855,4839
7900,20903
6872,20884
7985,8440
8150,4689
7460,12004
8908,17223
6952,4407
6902,23546
8272,12377
6425,18666
13407,5387
10750,20315
8038,15138
8200,7184
8982,5285
7742,25364
8203,23609
7374,7982
8010,15601
9312,14955
7389,23524
8986,3370
6752,7650
7603,8760
7568,8440
6651,18350
7600,2889
7369,9000
7330,8903
6419,4198
8514,4689
7438,1542
7760,20181
7767,11164
12100,1962
6470,20187
7998,18356
7140,20557
7202,14693
7919,15155
7451,277
7889,24820
6816,870
13489,14384
8602,4839
7423,1660
7079,10647
8976,8452
7546,11097
14069,13611
7579,22743
14751,17223
8673,11218
7761,6926
6686,13520
8569,278
8822,23420
8627,7982
6839,18701
8305,24031
8816,4045
6882,22341
7769,2969
7929,16488
6189,23606
8138,5368
7383,3003
9163,4689
7865,20738
9055,24820
8193,10981
6565,12879
9383,8554
7948,19728
6203,17232
7272,23887
8107,9337
8242,5874
8036,4689
9154,761
7091,12457
6710,13687
7039,16494
7134,25108
4690,12231
8189,21637
7777,9176
8644,23432
8251,10290
7705,12659
6677,5876
6215,19883
8439,14070
7318,1412
1275,13372
7426,13292
7752,10059
8766,705
8412,12687
7823,16413
1428,20963
7472,25111
6877,6016
9116,11894
6242,7708
8112,8609
8578,1911
6621,12841
8771,18701
7522,19044
7163,2611
7487,8725
21296,24687
6666,11445
13761,3221
6815,21288
8852,12101
11194,18655
15748,15704
2707,22671
2707,21965
2707,3457
2151,12161
25346,19107
11247,26
23947,20121
22266,14294
12336,18004
17411,5706
12208,2546
22473,19058
4374,5952
12842,22244
15257,480
15257,20097
3568,12379
10945,6369
13246,2368
2285,12161
20183,25462
14276,24182
10125,9611
15257,18849
15257,3425
15257,714
1324,21622
11816,13534
5063,6265
5063,10432
5063,1629
5063,19983
5063,8840
13025,10587
19114,7119
19114,17786
12191,24908
2879,16240
7913,15358
21066,10603
17566,21965
20294,16240
19500,8918
14635,22871
15395,16240
2143,21965
21595,21965
19032,20594
19118,16240
16909,10345
9819,16240
17596,16240
20299,16240
905,21965
4577,21965
24638,21965
15873,16240
19772,21965
17599,16240
17597,7455
14191,21965
6772,21965
16418,16240
24639,21965
10379,20684
4483,21965
22208,21965
25298,16240
7952,10345
7952,10881
8591,10345
3388,10345
17360,16240
11091,16240
7817,21965
19085,11921
3194,16240
21512,10881
5796,8043
315,21965
16001,16240
20298,16240
21571,21965
13834,11209
15701,10345
19244,21965
336,16240
4574,21965
6778,21965
20296,16240
15874,16240
11346,21965
11343,21965
19848,21965
19773,21965
11708,21965
18518,3432
15623,16240
19644,18743
20486,21965
3733,21965
20710,21965
22060,16240
21599,21965
7216,10345
487,433
19775,20711
1499,16240
2145,21965
20572,21965
2465,14824
6774,21965
7250,10345
24643,21965
14391,21965
6775,21965
9640,16240
7390,16240
15777,8340
15777,8681
15777,17310
15777,13893
15777,15271
15777,23274
5209,15434
5209,15434
23588,11916
20651,21965
22157,8977
15969,16240
14328,16240
21603,21965
19383,1698
17598,16240
5200,4570
19505,20132
19505,20132
19505,20132
14543,16240
23588,17757
22386,18345
18235,17264
3403,9775
6389,23565
8033,17916
22923,19726
20222,18055
2989,18055
24493,18055
25142,18055
7934,18055
20694,21965
23956,16240
21224,18055
21668,18055
5672,18055
23864,18055
2136,11241
23489,18055
23588,21271
2371,18055
11374,18055
5979,18055
22886,51
814,18055
6784,18055
1404,18055
22447,18055
19397,18055
10249,18055
11392,18055
8433,18055
19684,20480
19684,21965
11870,18055
13820,3571
15599,18055
1021,18055
23340,18055
4248,18055
22267,18055
7101,18055
1016,21965
3375,18055
23486,18055
13910,18055
4015,18055
20130,18055
5029,18055
9203,18055
12721,18055
17605,18055
21608,18055
11645,18055
9365,18055
16616,18055
22404,18055
7118,18055
12595,18055
11379,18055
11620,18055
2421,18055
15947,18055
18824,18055
8669,18055
5527,18055
15116,18055
16357,18055
3865,11000
14857,21965
15369,18055
12130,21965
24117,18055
22669,18055
3949,18055
93,18055
11353,18055
24515,18055
20769,18055
19416,18055
12304,18055
16530,18055
4244,18055
4204,18055
1403,21965
8735,18055
481,21965
481,10810
9079,21965
15317,18055
1119,18055
22157,18252
13161,21290
9038,21965
11421,18055
25214,18055
20898,18055
6684,18055
11773,18055
16237,18055
16281,18055
22788,18055
8581,18055
21136,18055
13350,18055
19020,18055
1785,18055
15561,18055
118,18055
16844,18055
14039,18055
21610,18055
6861,18055
457,21965
109,18055
19344,18055
11962,18055
23588,17782
23588,1790
23588,9952
23588,23918
24571,18055
19302,21965
22366,18055
19168,18055
20292,18055
14273,18055
4172,18055
8570,18055
14266,18055
8860,18055
11893,18055
11857,18055
2649,18055
17468,18055
2786,18055
10642,18055
22460,16240
14190,18055
10730,18055
23069,12437
21831,18055
22247,18055
18797,319
4395,18055
7315,18055
11562,18055
8703,18055
25455,18055
24657,18055
20431,18055
16024,18055
18813,18055
13025,23881
13025,16240
4326,24596
21972,11338
21972,15778
21972,19707
24278,20440
4935,4722
19341,24278
1262,24278
21232,4722
12095,2997
3680,24278
6041,15891
24174,21965
1912,8238
11299,6348
22475,21965
8884,21965
4145,23857
4145,23857
3350,18955
3350,21930
3350,21965
7671,5
17711,21965
12827,3595
3595,21965
17633,3119
23846,4082
21496,8367
24767,42
23199,23
22259,21965
1933,20000
10552,4872
20894,7866
6310,25133
21649,22564
1704,21965
25480,22322
4399,16240
13332,21965
16380,23187
20935,16540
22290,16540
1240,3306
1860,9775
7196,8367
20946,20676
8773,12976
2587,12976
14694,16240
7135,2723
13486,16240
6031,17756
4571,11880
17737,7384
11734,16240
20523,1816
5584,21965
18583,21965
24305,8282
21479,10689
24345,23001
15194,24105
15194,14934
9339,10881
102,8709
4940,21965
1594,16240
7551,16240
9566,2355
14691,5808
19252,21965
1413,6346
18725,21703
11701,19520
10263,21965
16224,5952
16777,8159
5294,24311
11121,248
9321,21007
9698,6486
9500,19023
4239,20227
11495,4499
9513,1938
11348,22108
13845,14470
25005,16603
9655,8774
9506,18769
10426,19937
9522,11157
13529,23068
11189,20860
9690,12841
11643,23333
10015,22743
9803,4689
14701,19837
9572,19038
13176,18055
9344,21376
8443,24080
12149,476
10820,25303
9270,4117
9350,23734
10037,18055
10271,14413
13148,3466
9463,1234
9393,7544
11151,22328
9224,18184
10608,19337
23812,18055
2033,14384
10387,7736
10976,18055
9615,4256
9439,25136
9569,15511
18310,14884
13375,12172
9476,9436
3296,4018
13250,20948
9369,4684
17042,13868
9878,15707
13777,6486
10744,3399
11214,11216
9481,22446
9536,4689
11602,9436
11180,17312
9740,14681
13493,10048
4961,18055
10742,21778
10584,4057
13107,15742
9469,6060
10452,9436
11073,2899
9773,1299
9237,12460
12994,12220
11036,7548
9578,21929
9518,1968
14521,20833
11048,2115
21472,21101
24481,23817
14495,16240
20516,21965
10628,21965
4,7
6111,5237
2433,5237
13914,12379
17338,21965
11790,21965
23403,21965
10806,21965
2005,25216
15436,14502
12208,21965
13362,21725
21362,40
16779,21416
21973,18397
5063,22295
5063,13193
5063,20750
20495,22363
5796,16240
8029,21965
4576,21965
16517,21965
13022,16240
8469,21965
2044,8827
1290,9675
17593,2319
15416,21965
12131,21965
3495,21965
11345,21965
20494,21965
8030,21965
16952,21965
6232,21965
16515,21965
14635,22871
12484,21965
3825,16240
3493,21965
13274,21965
3487,21965
1018,21965
7589,21965
19032,16240
2306,21965
15414,21965
15401,21965
2318,21965
22364,21965
17592,2319
21570,21965
13841,21965
20493,21965
9173,14382
13027,16240
8021,16240
2531,21965
17599,16240
2533,21965
21592,21965
8946,21965
5136,24108
14268,21965
18038,998
24296,21965
17591,21965
11344,21965
4389,998
13834,9012
13834,20943
13834,16240
2465,24282
2465,7510
2465,3587
19300,21965
15629,16240
15777,17679
15777,4536
24838,9949
18973,1230
3491,21965
15624,16240
14267,21965
19505,20132
18271,21965
8944,21965
18973,5491
2528,21965
15412,21965
667,9775
126,21965
15496,18055
5330,18055
13128,18055
10640,18055
23004,18055
16434,18055
24461,18055
11638,18055
15695,18055
12112,18055
19372,18055
20558,18055
700,18055
19835,18055
2676,18055
24763,18055
20456,18055
8935,18055
6185,18055
4456,18055
12651,18055
5399,18055
10118,18055
15058,18055
18521,18055
22660,18055
21564,18055
1877,18055
24929,18055
2552,18055
8634,18055
6614,18055
16554,18055
10619,18055
8679,18055
12414,21965
25504,18055
10549,18055
19035,18055
11789,18055
3866,18055
18084,18055
7300,18055
13225,18055
7317,18055
9968,18055
20974,18055
6350,18055
5015,18055
21289,18055
14594,18055
4618,18055
10872,18055
6344,18055
18978,18055
11605,18055
18169,18055
11904,18055
20607,18055
23173,18055
5814,18055
8483,18055
551,18055
24714,18055
14199,18055
13117,18055
25244,18055
23835,18055
21765,18055
3834,18055
342,18055
10217,18055
4361,18055
13147,18055
2021,18055
23915,18055
5502,18055
7467,18055
6499,18055
925,18055
7935,18055
2945,18055
6911,18055
12640,16240
24006,18055
12307,18055
23104,18055
14702,18055
12114,18055
10405,21965
17382,18055
1139,18055
22775,18055
6171,18055
16109,18055
16354,18055
24564,18055
13660,18055
11776,18055
1319,18055
19353,18055
681,18055
21365,18055
3708,18055
24855,18055
20950,18055
11131,18055
8291,18055
7281,18055
16446,18055
9978,18055
5410,18055
24824,18055
14311,18055
3671,18055
18385,18055
4848,18055
18840,18055
21975,18055
18059,18055
6149,18055
21438,18055
19705,18055
24259,18055
4044,21
11493,18055
6504,18055
22357,18055
1079,18055
23990,18055
8188,18055
7965,18055
15448,18055
23378,18055
21004,18055
9553,18055
20853,18055
23655,18055
12448,18055
20997,18055
7484,18055
22351,18055
7555,18055
1101,18055
21043,18055
11094,18055
971,18055
21661,18055
20568,18055
395,18055
23737,18055
10285,18055
12844,18055
19624,18055
23783,18055
17616,18055
2065,18055
7591,18055
5397,18055
25023,18055
16257,18055
7449,18055
14229,21290
21489,18055
19913,21965
15415,18055
5353,18055
4541,18055
22037,18055
22008,18055
18285,18055
17225,18055
6502,18055
1092,18055
679,18055
22007,21290
20971,18055
17851,18055
23588,8919
23588,1304
19402,18055
1314,18055
148,18055
24358,18055
127,18055
21565,18055
12171,18055
10875,18055
7735,18055
19400,18055
7096,18055
4291,18055
8791,18055
13150,18055
11237,18055
24935,18055
335,18055
19257,18055
4860,18055
20782,18055
7441,18055
12787,18055
18136,18055
4313,18055
17028,18055
13180,18055
15756,18055
19143,18055
7844,18055
10734,18055
22067,18055
11925,18055
19415,18055
2241,18055
295,18055
13463,18055
16557,18055
13775,18055
14608,18055
15382,18055
8016,18055
14515,18055
16855,18055
9638,18055
14977,18055
6096,18055
25221,18055
10152,18055
18729,18055
4503,18055
11597,18055
2160,18055
11966,18055
16445,18055
13041,18055
23515,18055
11991,18055
9340,18055
9712,18055
3876,18055
17821,18055
11634,18055
9881,18055
6216,18055
7190,18055
179,18055
21506,18055
14774,18055
22009,18055
15100,18055
854,18055
13513,18055
2604,18055
19512,18055
7732,18055
972,18055
18953,18055
19994,18055
15521,18055
7662,18055
6328,18055
20677,18055
3456,21290
14138,18055
14037,18055
18917,18055
8676,18055
6281,18055
1294,18055
16858,18055
15045,18055
2580,18055
21540,18055
17040,18055
14920,18055
25454,18055
8312,18055
22530,18055
21139,18055
7346,18055
16820,18055
20808,18055
16680,18055
25409,18055
25159,18055
662,18055
4645,18055
4324,18055
23036,18055
3390,18055
10990,18055
15530,18055
8593,18055
15974,18055
1132,18055
23733,18055
12153,18055
24115,18055
4539,18055
16500,18055
16449,18055
13420,18055
20432,18055
10752,18055
18607,18055
13607,18055
22795,18055
16992,18055
2544,18055
9419,18055
9557,18055
20513,18055
7825,18055
18189,18055
6609,18055
765,18055
15593,18055
13976,18055
1406,18055
16358,18055
24083,18055
11915,18055
21111,18055
7729,18055
22437,18055
5377,18055
21541,18055
18528,18055
8334,18055
6671,18055
14526,18055
12458,18055
6599,18055
5704,18055
10457,18055
6934,18055
16345,18055
22068,18055
17256,18055
1425,18055
16875,18055
8316,18055
25147,18055
24025,18055
18904,18055
13980,18055
12718,18055
14179,18055
7610,18055
8333,18055
25018,18055
17050,18055
18939,18055
20592,18055
22082,18055
10665,18055
6922,18055
5122,18055
9328,18055
20124,18055
21757,18055
3651,18055
15001,18055
5473,18055
20650,18055
10514,18055
4587,18055
4930,18055
21791,18055
9661,18055
15318,18055
20211,18055
21464,18055
7408,18055
6596,18055
25008,18055
4803,18055
24649,18055
4837,18055
417,18055
20763,18055
8457,18055
21383,18055
3752,18055
15898,18055
17667,18055
22554,18055
16442,18055
5886,18055
17824,18055
9859,18055
2271,18055
16032,18055
25148,18055
20530,18055
5026,18055
23776,18055
606,18055
13410,18055
11147,18055
1882,18055
3351,18055
10852,18055
2239,18055
23049,18055
13175,18055
1032,18055
1493,18055
4402,18055
18432,18055
346,18055
1065,13659
17748,18055
11973,18055
18774,18055
9114,18055
7772,18055
23115,18055
25393,18055
11173,18055
23564,18055
15565,18055
9496,18055
1071,18055
9716,18055
10738,18055
14636,18055
7019,18055
17083,18055
3049,18055
3969,18055
14247,18055
15447,18055
20470,18055
20674,18055
24395,18055
15578,18055
9589,18055
5786,18055
14520,18055
523,18055
24297,18055
10010,18055
11443,18055
14756,18055
2265,18055
16637,18055
16694,18055
303,18055
21284,18055
18057,18055
23871,18055
1890,18055
6044,18055
24879,18055
25425,18055
13419,18055
18803,18055
15505,18055
3621,18055
23027,18055
17296,18055
1354,18055
8074,18055
2826,18055
9668,18055
16236,18055
5617,18055
691,18055
9290,18055
3865,9510
7933,18055
20074,18055
16949,18055
19077,18055
21999,18055
10264,21290
2490,21965
12589,18055
14665,18055
2006,18055
21351,18055
7323,18055
21936,18055
9275,18055
10128,18055
23127,18055
906,4949
4326,16240
21100,18055
8830,25119
8947,21965
21972,11338
21972,15778
21972,5792
9318,25133
22322,2918
12042,12992
1490,21965
19541,5041
5041,21965
5041,21965
9247,21930
9247,21930
13498,12931
24322,10711
7671,5
20683,18955
23529,10970
18566,11177
18566,11177
15158,11781
13768,8345
1387,1529
16550,19261
2560,1429
4427,8367
2178,25017
20368,4722
17152,12968
24278,18018
24278,18391
24278,17058
14106,16240
7802,18955
23408,11229
10669,11229
17633,3119
8744,21965
6612,16223
23595,22282
15240,23595
19469,532
20403,438
23530,106
20092,17897
17110,18208
17110,11426
20960,21242
4368,19519
7135,2723
10615,25447
10740,5279
1632,16240
15680,9820
22553,17095
20970,21965
12746,14953
7886,7115
4,7
11640,20627
14556,9047
16380,23187
10889,16717
7879,23144
6888,36
8744,21965
8744,21965
8744,21965
8744,21965
8744,21965
8744,21965
8744,21965
8744,21965
17088,16664
16503,18479
20874,21965
22894,10411
20812,21965
15888,21965
620,21965
5769,16240
2538,21965
16463,20599
12701,2325
9862,9967
14615,21965
20556,21965
14906,21965
23294,21965
9375,21965
9632,21965
18473,21965
11068,16240
11507,4262
7397,5792
22845,5656
12184,17128
17828,16703
16703,21965
16703,21965
18249,5971
5971,21965
5971,21965
15153,21965
13590,21965
7671,5
12042,8612
15153,21965
17201,21965
12680,12896
13347,21965
10504,21965
22070,25449
16193,21965
14788,21895
19157,412
5270,25210
18536,10411
4145,21965
22231,21965
14597,21965
8239,25451
22998,21965
20168,1
21302,4054
21302,21965
12095,11280
12095,24509
12095,21965
12095,4874
21503,414
1987,960
4898,21965
5600,21965
2931,21965
23048,21965
23786,15257
23876,9445
21041,17132
12211,9527
21649,22564
20491,9445
1177,19184
1310,10198
1310,10198
5626,8238
24379,21965
19127,21965
17633,3119
19974,21965
19974,1821
17633,3119
8718,10360
20806,17734
3659,21965
2116,21965
4676,16240
1484,15248
10383,2008
24300,15103
11624,8238
19670,2867
23363,8367
14894,25133
16507,22724
20029,23013
22029,21965
11570,682
8525,23981
7135,2723
3565,10095
11829,21965
14944,21965
14745,16240
19180,21965
18631,6448
16380,23187
6453,25133
11355,21965
9791,25133
13362,21725
16779,21416
16779,21416
16779,21416
16779,21416
1295,25452
8294,20599
20977,10709
24069,16240
3785,2066
15257,1981
15257,22605
15257,24589
15257,16512
15257,18266
15257,21965
15257,2171
15257,13864
2374,17902
12339,21965
9369,4684
9369,9370
16204,16240
12266,1698
21199,3808
24212,10411
9192,10689
574,23289
7209,1033
19131,5
23073,15103
20106,1821
15619,16240
1216,11921
3416,21965
21223,21965
10259,21965
3420,21965
6757,10436
10992,21965
6397,21965
23882,21965
24566,16240
15064,16240
9639,16240
16042,16240
1685,5229
1413,6346
16777,20018
17178,25150
5808,21965
14578,10881
16290,36
19437,9562
19437,12379
22206,1
15194,23164
14052,4927
14052,12379
19041,25133
14465,19519
5442,17608
817,5237
11264,1145
15704,5444
18293,15941
24549,17080
16779,21416
16779,21416
16541,25403
25068,8659
23341,1216
21094,1216
4902,1216
365,1216
6070,1216
14783,1216
4903,1216
6334,16240
10477,12005
10391,11573
7411,23038
7477,10307
11473,20355
10993,137
6394,14814
6313,11882
10901,3294
9923,16014
11560,20743
10961,18276
14963,18055
10621,24768
9834,16960
11446,1770
10489,10132
14902,18055
11538,22743
9874,7916
24987,18055
10921,16322
10700,24427
11055,10183
10707,14362
10638,23829
10080,22743
11110,24775
10114,18906
9748,11636
9139,22384
10368,23072
10815,419
9005,10714
8396,17699
10326,13569
11356,15138
11491,4003
11399,18272
9934,520
10670,7420
10939,18172
11198,22817
8799,14942
10943,18661
11252,23531
10085,1538
11456,15189
10195,11031
12996,18055
11438,23331
10032,24442
11323,4300
11480,25193
10646,11876
22576,5007
24319,18055
10347,14161
11589,12147
8557,6413
6226,21915
488,433
2040,8827
11152,22469
15555,25182
6094,5709
10793,25102
11078,23546
6576,2611
10121,7089
10865,20462
8633,25111
11179,21357
10106,4142
11469,18191
10025,10167
10595,2974
9753,8836
10754,16782
10616,15511
5294,24311
5294,24311
15444,12925
6074,7982
13478,8471
11650,740
10956,13547
11275,10417
9369,4684
10043,24532
10309,9728
10987,2677
9815,23546
10012,14828
10674,3270
11552,23546
10928,7340
10234,12773
11126,5780
9937,9436
10822,8071
11160,4689
9857,19748
7063,14989
11947,957
8330,18079
16432,95
9963,11582
11341,25088
11464,20136
10842,24253
23071,23843
10486,22604
11571,18987
14203,2419
6245,17135
11243,20080
11018,23196
11260,20585
23720,5295
11186,10072
1291,9675
1291,9675
11049,8199
11211,16603
5553,892
15592,18055
6656,6859
10055,4347
11594,23207
10805,22702
11285,18420
24939,18055
17220,5684
10838,3337
7073,19316
22636,21965
14880,21965
21521,21965
3359,21965
14790,21965
15726,21965
1271,21965
22443,21965
11294,21965
1930,21965
8924,21965
1485,21965
11632,21965
10431,21965
14363,21965
17492,10881
10687,40
6581,21965
14175,1821
15250,2002
4074,9675
12177,9160
2886,21965
4949,4269
8842,21965
20241,21965
5997,21965
10263,24735
13481,8471
20293,6956
5139,1225
19717,13025
18855,13025
7738,13025
17343,15030
21020,15257
5807,16240
12211,8756
9119,6091
2546,21965
22671,21965
16163,3143
10519,19891
500,24393
12208,22439
7157,21965
18891,20427
8057,6528
14635,22871
5209,15434
5209,15434
5063,21748
5063,16916
5063,7099
5063,13642
5063,9758
5063,13625
5063,16108
5063,8314
5063,11089
5063,3040
5063,22023
5063,11567
5063,22880
5063,7987
5063,12135
5063,931
11404,20471
19505,20132
19505,20132
10008,9775
9701,7514
7913,5513
13205,9212
25265,21930
2515,21965
8470,21965
25407,21965
21066,6574
22886,51
6636,6067
17302,14961
4574,21965
602,21965
2309,21965
14766,21965
3496,21965
20991,21965
2489,21965
19914,21965
10403,21965
9633,21965
19244,21965
13880,21965
5094,21965
3828,16240
943,16240
2167,16240
20811,16240
12639,16240
6231,21965
2517,21965
2308,21965
25404,21965
4577,21965
2168,16240
1498,16240
17594,21965
21512,10881
8776,16240
747,9445
20956,954
20956,5820
10991,16889
7590,21965
1230,16240
3640,16240
14534,1387
25217,2005
4076,9675
2465,25262
8033,16240
9079,21965
19684,21965
481,21965
23122,21965
22923,22667
18440,18446
18973,5200
5491,4570
4570,8361
191,4435
18973,19011
18100,16240
7307,18055
10679,18055
21553,18055
22160,18055
4190,18055
23755,18055
5484,18055
282,18055
19358,18055
10405,6233
9613,18055
17168,18055
18629,18055
21379,18055
24361,18055
22314,18055
20301,18055
3604,18055
21338,18055
8162,18055
8587,18055
19913,2518
8875,18055
5707,18055
3910,18055
3829,18055
7077,18055
9263,18055
24598,18055
19745,18055
12727,18055
24252,18055
16991,18055
7026,18055
7276,18055
11347,15164
11347,12282
11347,402
11347,4721
367,18055
5872,18055
321,18055
3703,18055
1502,18055
22855,18055
19646,18055
481,17200
12414,4573
23807,18055
18962,18055
11592,18055
2388,18055
12568,18055
25215,18055
10186,18055
24486,18055
2744,18055
14028,18055
8058,18055
13934,18055
1619,18055
5332,18055
10276,18055
20175,18055
19934,18055
12237,18055
24072,18055
7293,18055
10201,18055
17524,18055
19923,18055
7950,18055
10068,18055
7793,18055
21927,18055
14356,18055
20805,18055
10829,18055
1686,18055
9841,18055
11354,18055
10423,18055
9755,18055
22353,18055
2056,18055
16849,18055
18323,18055
20268,18055
13142,18055
564,18055
17430,18055
23414,18055
468,18055
10798,18055
16484,18055
16727,18055
18123,18055
23449,18055
7831,18055
3865,15688
20281,18055
22725,18055
23496,18055
23588,11120
17890,18055
8154,18055
21527,18055
20681,18055
9600,18055
23911,18055
11054,18055
22559,18055
11222,18055
5674,18055
15531,18055
19232,18055
23260,18055
1608,18055
1466,18055
25503,18055
19274,18055
3149,18055
12420,18055
23039,18055
23682,18055
2411,18055
19163,18055
24040,18055
4004,18055
2007,18055
13989,18055
1587,18055
17927,18055
10979,18055
11064,18055
11741,18055
19043,18055
24037,18055
21237,18055
22825,18055
24200,18055
5363,18055
19227,18055
11676,18055
20797,18055
2708,18055
11917,18055
6146,18055
10779,18055
17163,18055
13060,18055
1451,18055
16326,18055
21602,18055
10243,18055
4953,18055
22943,18055
543,18055
14130,18055
9399,18055
6374,18055
16509,18055
11372,18055
2717,18055
12737,18055
9205,18055
3459,18055
25129,18055
18817,18055
21161,18055
771,18055
24718,18055
953,18055
7946,18055
24145,18055
19692,18055
24534,18055
16344,18055
12510,18055
12362,18055
19964,18055
538,18055
18395,18055
23219,18055
8945,18055
2490,2304
1528,18055
12358,18055
11459,18055
1715,18055
9124,18055
1031,18055
1007,18055
7993,18055
21805,18055
2197,18055
15223,18055
12943,18055
5670,18055
5576,18055
2641,18055
4879,18055
22659,18055
21617,18055
12445,18055
12640,1495
6756,18055
20235,18055
5629,18055
8478,18055
22105,18055
22712,18055
8390,18055
14842,18055
23588,17647
24091,18055
19930,18055
12655,18055
11877,18055
13943,18055
10385,18055
14169,18055
20407,18055
23716,18055
2692,18055
23588,23544
23588,8417
23588,15187
8299,18055
20418,18055
5723,18055
8097,18055
19068,18055
11739,18055
2155,18055
4700,18055
17723,18055
11787,18055
3209,18055
11137,18055
24026,18055
15696,18055
13171,18055
21049,18055
10474,18055
20246,18055
6572,18055
20379,18055
18067,18055
13455,18055
23626,18055
7719,18055
17109,18055
2642,18055
5373,18055
1896,18055
13021,18055
13852,18055
717,18055
4792,18055
25392,19588
23291,21930
13342,21965
22569,21965
24596,16240
4326,22791
21972,880
19541,12864
12864,24052
12864,13753
18249,23802
23802,5837
23802,13753
20433,8447
16051,21965
12042,12992
17946,16240
23380,21965
7671,5
16723,10047
17201,21965
14922,8336
15185,21965
13661,9238
13661,4371
22231,16240
22231,16240
5885,14564
3350,21965
23612,16240
22038,23424
7017,25133
8744,21965
8489,13370
13750,6948
8744,21965
8744,21965
3350,4999
11839,7797
6453,25133
19469,532
7673,8238
22556,8983
4685,8238
2194,438
19127,21965
13470,8238
22197,20555
10383,2008
9150,9775
400,16240
14361,9775
13362,21725
2227,10709
19776,18825
4267,389
21733,20667
18091,25465
18091,10360
7135,2723
24422,19832
16380,23187
13966,4757
6947,57
6310,25133
17633,3119
15356,23797
11426,57
6592,10286
20970,21965
14642,25146
18074,10411
1455,36
11815,4220
4537,12379
7698,5237
11845,12379
18248,8238
2758,10411
25034,11959
21543,17408
23575,21965
6929,15899
13602,11221
8594,19158
374,21965
24619,5237
9017,5237
8906,16240
19842,21965
24723,7018
19392,19385
17537,21965
11974,21965
3862,16240
23295,21965
4727,8259
17200,21965
16893,17693
1908,21965
5063,675
5063,1128
5063,19521
5063,9629
5063,1358
5063,5496
5063,8404
5063,22344
5063,19287
5063,14131
5063,12824
5063,16315
5063,18398
5063,4201
5063,17087
5063,23620
5063,19591
5063,20322
5063,5862
5063,16004
5063,12387
5063,3926
5063,9105
5063,11742
5063,2170
19046,10761
1863,9597
16779,21416
7668,14904
614,19029
14590,16240
3292,20601
16984,968
19425,4358
10519,21965
12208,21965
16113,21965
3489,21965
1460,16240
500,10881
12528,25133
18168,1885
19041,25133
2463,7813
17685,7813
2005,19510
15257,21965
15257,21965
22917,19529
16258,24275
10810,21965
24993,23056
19505,20132
6636,2276
4217,19812
10242,12508
8095,21965
24742,21965
4282,16240
6234,21965
18030,21965
14302,21965
3494,21965
6558,21965
10362,21965
23558,21965
3414,21965
3415,21965
22570,21965
2532,21965
17728,16240
9640,16240
24593,16240
23685,16240
10364,21965
6559,21965
14303,21965
24738,21965
8094,21965
23554,21965
17735,16240
941,16240
4284,16240
14581,10881
21066,2407
19849,21965
23096,11545
19684,21965
23949,16240
10363,21965
17956,21965
18029,21965
10825,21965
23154,21965
6560,21965
942,16240
17736,16240
19259,16550
23557,3416
19262,16550
4285,11734
19853,18583
4283,11734
8057,20792
3865,11000
204,18936
5200,4570
8033,9903
11412,18055
25192,18055
9267,18055
6292,18055
15921,18055
12932,18055
2858,18055
4417,18055
18353,18055
11999,13404
6085,2536
5483,18055
20519,18055
22288,18055
1010,18055
12370,18055
20383,18055
17912,18055
10572,18055
23588,25104
23588,12228
7341,18055
19749,18055
3545,18055
1659,18055
6085,15915
23535,18055
14047,18055
22480,18055
3865,22289
4326,16240
21972,5792
17633,3119
13331,13807
17633,3119
9318,25133
9318,25133
13601,8367
7707,8367
14155,1691
15074,14564
7671,5
9614,13293
4371,21965
9238,21965
13287,20190
20721,21965
9449,10970
24384,11177
6345,6465
6345,23408
6345,4421
231,16240
13801,12095
13749,19774
14371,16193
12722,4722
7165,6172
9675,23361
20251,5042
15892,6172
8471,24706
22038,20343
8471,24524
9160,20343
23224,19820
20960,21242
23244,1
4145,14961
8718,23184
21308,21965
23950,25055
7296,1648
14379,21873
2227,7355
790,25450
24446,4485
15345,87
7136,20449
1933,20000
4826,25448
559,12379
23681,12379
20560,12379
150,21965
14455,18785
7135,2723
21822,12520
11209,12186
2002,21691
16380,23187
3196,13566
24877,6304
21024,5308
21649,22564
17733,16240
7879,4757
7397,5792
19541,6164
6164,13753
17828,22770
22770,16240
22770,13753
17438,14488
8024,23532
8024,14623
8024,10723
8024,23899
8024,6430
8024,17815
8024,14763
8024,8846
8024,2652
8024,19156
8024,2660
8024,3526
8024,5304
8024,17721
8024,14563
8024,1836
8024,22773
8024,14829
8024,11535
8024,1346
8024,3285
8024,23317
8024,6157
21730,21965
4145,23857
4145,12896
7671,5
11984,10890
4722,21965
19021,21965
13482,21965
15196,21965
960,21965
19379,19385
17898,23981
16704,23981
414,21965
12290,21965
4145,21965
8884,21965
13661,19429
18415,17481
15185,21965
12095,22818
21743,17934
11221,20343
14733,21930
8734,22753
19384,19385
22748,13697
8744,21965
8744,21965
8744,21965
8744,21965
8744,21965
8744,21965
8744,21965
22475,23662
22475,21965
24232,8238
10535,8367
13462,9445
21282,16240
4676,16240
11669,9445
4151,14235
10383,2008
341,18254
400,16240
22998,6304
21837,9068
16337,8238
13362,21725
5230,21965
5230,24473
24574,16714
7135,2723
1738,16240
1420,16240
1420,1821
20324,7496
16380,23187
7017,25133
7209,1033
17406,3881
14894,25133
18354,5
753,21965
10912,13780
14465,1
10780,4137
3292,18135
19258,16550
3295,21965
7208,21965
18809,12379
19015,21498
19306,12379
20848,21965
20874,21965
6889,6896
4849,21965
16503,18479
7208,16240
11081,9887
16503,18479
16398,16240
15573,36
22956,21965
3598,16240
2982,16240
15937,16240
3722,16240
22534,16240
20565,16240
10792,16240
24065,16240
24346,16240
8073,16240
22894,19798
16308,16240
16308,16240
16308,16240
16308,16240
1413,6346
18725,21703
7832,23013
3718,21965
11974,21965
15439,16240
9597,21965
7723,25167
4999,21965
23692,23013
22022,23013
3216,15128
8459,16240
9293,21965
15410,21965
25369,16240
20029,23013
10140,21451
25019,16240
17364,4927
17364,12379
12767,16240
5281,16240
24080,8442
21722,16038
2157,12379
2554,1216
21520,9449
7312,23420
13565,16240
6857,4651
4870,3656
6733,22495
18973,17080
18973,3450
18973,12938
18973,4358
6159,24702
9030,1110
4070,9675
124,18055
15257,21965
15257,21965
15257,21965
15257,10533
23437,257
16048,12696
23588,8430
23588,13297
23588,8521
3025,18055
21275,16240
8949,18829
6745,10075
1065,5168
10529,18055
21193,17365
18208,7115
9258,21965
8909,17223
8290,5620
9230,14154
8796,20564
6751,7650
6835,16838
7687,16922
8062,10307
7185,21127
9166,17983
7459,12004
7899,20903
6570,14156
7375,7982
7843,3853
6340,2611
8204,23609
10749,20315
16588,5534
9130,22695
8011,15601
9391,5641
7142,13265
6923,14416
20975,5159
8988,3370
7495,22734
7635,18380
8018,18308
8858,21095
8271,12377
7856,4839
8741,16838
7604,8760
8201,7184
7392,23524
7105,429
8149,4689
8039,15138
7194,8387
7084,14114
9108,4689
2033,14384
8762,1867
7743,25364
7168,23207
9311,14955
7569,8440
8178,17020
9128,23810
6953,4407
20182,19551
6871,20884
8318,19953
6726,4839
7469,8440
8981,5285
8561,5458
6941,377
6901,23546
7046,22541
8216,12071
6943,13591
6971,14989
6426,18666
8696,7158
8785,15083
7033,18379
5138,1225
18683,21965
17778,20881
8637,24146
8637,2916
2376,304
8376,9950
7364,16240
15289,16240
2763,21965
23947,20121
18508,16240
20718,16240
21708,16240
5224,16240
9243,16240
1475,16240
14548,16240
17883,16240
23164,16240
14411,16240
19350,16240
19963,16240
22591,5100
9591,16240
5544,16240
2987,16240
14934,16240
24105,16240
24078,16240
20371,16240
18690,16240
2151,12161
15257,21965
18735,21965
4176,21965
16542,16240
5572,22545
11982,21965
16591,21965
6581,16240
24251,24473
3425,21965
714,21965
18849,21965
20097,21965
480,21965
12208,21965
689,21965
5807,19126
8786,15257
11380,15257
1054,14760
16887,5941
219,5941
3053,5941
1120,5941
3316,5941
7601,5941
19891,21965
22439,21965
14185,15257
3568,692
18157,25456
24393,10881
5438,8616
5190,9479
5452,6362
4501,15092
3515,25135
5197,24977
4048,9511
5564,3302
5919,16321
3596,20009
4994,1302
5909,3283
3386,10260
5583,2611
5447,24177
5004,15047
4041,15348
3532,24605
4652,8657
3893,9451
4251,17223
4630,8941
3999,21327
3626,22616
5479,23546
3622,22824
5173,1662
4345,25010
4795,15451
3644,4771
4104,4689
5940,12934
4622,7971
4543,6273
5019,22306
3802,21420
4974,11581
3871,24466
4315,19079
5089,25111
5880,15946
5199,13728
1279,18882
3547,17020
5275,22743
3769,15927
3631,3024
3533,301
4215,16229
5036,5545
5307,982
4790,24789
3968,8987
5273,3168
3536,9667
5677,23476
4565,12042
5347,23546
3915,16647
4699,13963
5023,22915
3525,23438
3369,10119
4783,22835
5695,1810
3738,20136
5319,1386
5809,659
3608,4689
3664,13940
3413,7618
4038,19682
5348,13717
4131,12021
5592,17575
4917,1376
5433,5069
4833,13710
3816,17910
4376,7982
5515,24500
5166,8996
5811,18882
5602,18571
4765,24949
4520,19649
5161,4738
4954,12626
4859,7594
4673,4092
5766,7890
4097,4689
4432,9660
4012,20391
3864,6376
4353,18769
5841,9484
3835,16726
3784,6061
3707,25411
3954,269
3960,6486
5239,21713
4173,22336
5005,21272
4841,17234
4489,15340
5621,5641
4852,20400
4827,24068
3673,12005
5339,14481
4876,13945
5381,20548
3628,12403
3716,10003
3908,16505
4584,23643
3911,23420
4210,12907
4989,21461
5788,4378
5883,19340
4679,3963
3966,21461
4321,20571
4867,3075
5135,1269
3788,3358
4453,1209
5519,25111
3751,277
5257,1986
3576,13051
5698,14246
5080,7931
4643,22663
4972,20443
5034,21449
4105,18900
4213,4472
3747,12542
4736,7786
4964,9002
5551,23581
5594,24945
5370,15736
5390,17798
3529,5867
5568,9700
5588,379
5507,4686
3474,17223
4232,4473
5778,16472
4800,12197
5464,2501
3891,6273
3878,8297
4031,6486
5030,9436
5152,15348
3441,24327
3593,10563
5056,13249
3905,3904
4755,9719
5253,25111
2005,10711
2005,1353
10519,10161
500,13003
1820,14058
12418,11983
24275,9443
5344,9333
6383,9333
13837,16187
7012,20977
15816,9333
17673,16187
10848,20977
13195,16187
13298,20977
10419,16187
23200,20977
9362,16187
12229,16187
12009,16187
9651,9333
2335,16187
4420,16187
13970,16187
21082,16093
5001,16288
21683,16240
22128,12498
15322,23633
19644,18743
5209,15434
10379,20684
5487,12982
7240,4757
14635,22871
12336,16453
21066,17421
4217,19812
19505,20132
19505,20132
7913,7514
4901,21930
1988,21965
1494,16240
5209,15434
22923,6187
15499,21965
3493,21965
17539,21965
19850,21965
13135,21965
19848,21965
12413,21965
2519,21965
2123,16240
13767,16240
943,16240
11733,16240
15631,16240
7691,16240
23611,16240
17728,16240
16172,4757
1991,21965
13136,21965
12485,21965
19851,21965
3827,16240
2122,16240
15627,16240
2067,21
23553,21965
7526,18055
10896,18055
20762,18055
21422,18055
657,18055
17657,18055
18321,18055
9987,18055
22233,18055
6633,18055
9539,18055
17823,18055
24472,18055
18456,18055
20405,18055
22850,18055
8391,18055
5063,12921
5063,16914
5063,5749
4440,21965
14336,21965
24974,21965
8091,21965
8117,16240
24777,22556
3826,8022
19852,18583
21572,13273
3824,8022
8057,14870
18021,21965
24543,21965
22431,21965
14736,16240
23877,21965
9701,22913
5207,16240
22615,16240
11405,16240
19011,4570
8738,16240
12489,18055
18241,18055
17098,18055
3860,18055
7645,18055
2487,18055
3865,14086
17906,18055
23339,18055
20543,18055
9892,18055
10553,18055
17173,18055
5414,18055
7093,18055
24854,18055
7502,18055
4697,18055
17643,18055
22190,18055
6826,18055
580,18055
3629,18055
8365,18055
2366,18055
10004,18055
4824,18055
5083,18055
12207,18055
531,18055
4910,18055
213,18055
16681,18055
13551,18055
17410,18055
21842,18055
14322,18055
21137,18055
8998,18055
18078,18055
16374,18055
13998,18055
8476,18055
15618,18055
9167,18055
12747,18055
9631,18055
18155,18055
19054,18055
14690,18055
25472,18055
25132,18055
3510,18055
24942,18055
15339,18055
5291,18055
17209,18055
24485,18055
17889,18055
1674,18055
25387,18055
7335,18055
21119,18055
12744,18055
21972,5792
23666,9437
6345,2178
6345,9538
19429,21965
8239,25451
18211,13753
9011,3434
15741,12095
271,12095
17201,21965
24189,8345
591,16240
2497,21965
24698,57
2497,21965
11779,3457
13619,6172
21730,21930
76,16240
17446,21965
1316,21965
24270,21965
18604,16240
4145,16288
21941,16240
15679,16240
22475,21965
3350,21157
9416,16240
3847,21965
12184,17128
8355,16240
1017,16240
9614,22474
7671,5
8024,18207
8024,20350
8024,20693
8024,21149
8024,4868
8024,21186
8024,14081
8024,17047
8024,19210
22815,17146
23408,12979
23408,16377
14433,8238
24315,8238
7673,8238
5864,16240
18248,8238
19379,19385
19457,18955
7181,21965
24762,10502
1097,21965
4113,19017
20468,21965
5230,21166
17329,14080
1912,8238
8857,22827
21649,22564
9941,8238
18427,9019
3015,16240
3015,5
14675,8238
6453,25133
17750,21965
16380,23187
826,8238
21064,19520
21220,14564
10224,16240
8718,10360
21872,8238
4595,15057
3736,8238
17222,16664
18208,20676
4816,17756
8874,22324
21199,19408
7135,2723
25422,5839
17633,3119
408,21965
626,21965
19599,22523
19599,22523
19599,22523
19599,22523
19599,22523
22849,16240
4435,24746
1145,21965
12498,21965
8881,12045
3552,16240
1126,21965
17702,21965
23561,21965
8182,3432
7208,21965
21023,11185
15519,4628
20352,11621
20352,15338
15459,21965
14068,13611
9162,4689
6709,13687
6243,7708
6418,4198
8437,14070
7762,6926
6622,12841
6838,18701
9155,761
8603,4839
7473,25111
13490,14384
9056,24820
8815,4045
7759,20181
7766,11164
7768,2969
13247,2368
8674,11218
7092,12457
6564,12879
21297,24687
7751,10059
8772,18701
7139,20557
7422,1660
7581,22743
7133,25108
1276,13372
7947,19728
6685,13520
13762,3221
10946,6369
7162,2611
7888,24820
1430,20963
8851,12101
8643,23432
8513,4689
8243,5874
8767,705
7599,2889
7523,19044
7928,16488
7997,18356
7370,9000
7547,11097
7320,1412
6883,22341
14750,17223
6469,20187
6667,11445
8140,5368
8975,8452
8579,1911
12099,1962
7437,1542
7824,16413
6204,17232
7201,14693
7776,9176
4691,12231
6676,5876
6879,6016
7452,277
7078,10647
6214,19883
7704,12659
7920,15155
6188,23606
7486,8725
8190,21637
7273,23887
7329,8903
9115,11894
8249,10290
8113,8609
8628,7982
8568,278
9382,8554
7040,16494
8192,10981
8106,9337
8821,23420
8037,4689
7427,13292
8304,24031
8413,12687
6653,18350
6817,870
7381,3003
6813,21288
13423,21965
5790,21965
518,25442
3498,18668
23440,16240
3498,5
1880,18168
1413,6346
13362,21725
741,8238
1175,21965
12446,21965
12266,1698
14065,21965
10045,16723
15257,21965
15257,1539
15257,12792
15257,21908
15257,18520
15257,20621
15257,20541
15257,18183
15257,7847
15257,16569
15257,15989
15257,15797
15257,20714
15257,5072
15257,9975
15257,2690
15257,4415
15257,9980
25019,5
19381,22625
10424,25133
6256,13657
11931,17825
6480,2890
5983,18847
16433,88
6353,7359
12913,17856
6119,24992
6406,19739
6166,16407
5974,18396
6516,424
11922,1216
22269,1216
6366,24967
6331,20821
6143,3304
6355,12848
6049,13047
6436,9983
11577,9916
6258,17020
6043,4839
6138,5854
6184,22262
6392,24758
11155,19297
6006,22763
6194,2956
6318,15403
7391,25414
6034,23546
6199,24466
24897,5237
8014,18442
11194,18493
20670,3922
14886,12379
6417,12379
24507,12379
6237,21965
20492,21965
2516,21965
18031,21965
14580,10881
4575,21965
1500,16240
4802,21965
3920,21965
9119,13923
2374,17902
22266,14294
2005,3152
23947,20121
10519,21965
500,16240
19602,21965
19370,25133
19437,22244
2445,7047
19932,20137
25478,5824
6142,16738
8341,5656
21973,18397
22945,12379
4096,14811
5063,2070
5063,9656
5063,17542
5063,8536
5063,8283
5063,6125
5063,24339
5063,2752
5063,1022
5063,4428
5063,24645
5063,24568
5063,5424
5063,2658
5063,19889
5063,3800
5063,5953
5063,11395
5063,15576
5063,10475
15948,24908
5680,21965
4442,21965
18435,16240
8081,21965
9415,16240
24972,21965
1990,21965
15626,21965
15625,16240
23555,3416
602,21965
9418,16240
20185,21965
9701,2196
18430,16240
8545,21965
23421,22038
24548,21965
13428,21965
16209,16240
20696,16240
21362,40
24971,21965
22219,21965
6333,16240
8541,20721
1884,18168
13766,16240
3496,21965
20699,6334
23558,21965
7996,21965
5681,21965
8435,24080
8546,21965
20697,6334
22218,21965
20698,16240
13426,21965
7913,70
21066,17421
23360,9675
4362,19425
6562,21965
13673,21965
10379,20684
19179,21965
17729,16240
5209,15434
12938,21965
2126,16240
19505,20132
3450,4570
17080,4570
20740,21965
8548,21965
22013,21965
17916,21965
291,18055
18686,18055
13556,18055
19417,18055
9808,18055
855,18055
24219,18055
11566,18055
8066,18055
14872,18055
17997,18055
24142,18055
6414,18055
1682,18055
4014,18055
9106,18055
23542,18055
10252,18055
14678,18055
24135,18055
19908,18055
14355,18055
3865,1267
1453,18055
17399,18055
3273,18055
1517,18055
3958,18055
1579,18055
11867,18055
7090,18055
17385,18055
20262,18055
16979,18055
586,18055
4046,18055
15649,18055
12553,18055
15485,18055
18553,18055
646,18055
13797,19808
1107,18055
929,18055
7941,18055
6628,18055
19140,18055
1309,18055
21313,18055
11090,18055
6223,18055
6765,18055
5374,18055
9157,18055
11884,18055
1094,18055
18434,18055
6701,18055
5853,18055
18617,18055
11516,18055
13658,18055
2195,18055
2222,18055
23051,18055
15291,18055
12333,18055
24302,18055
18008,18055
13251,18055
20426,18055
23064,18055
3113,18055
16007,18055
10925,18055
816,18055
8712,18055
3348,18055
19491,18055
7995,18055
24943,18055
21158,18055
9533,18055
19363,18055
23739,18055
24168,18055
864,18055
23459,18055
9298,18055
4851,18055
7765,18055
4696,18055
13886,18055
22836,18055
17787,18055
2204,18055
24709,18055
20728,18055
1921,18055
2321,18055
17292,18055
18523,18055
12582,18055
22566,251
22566,18474
25341,18055
25020,18055
449,18055
24817,18055
10256,18055
18822,18055
17216,18055
12170,18055
25073,18055
2364,18055
3090,18055
18181,18055
8322,18055
5354,18055
9779,18055
2026,18055
3164,18055
4531,18055
19751,18055
4513,18055
17376,18055
23803,18055
9512,18055
6030,18055
4240,18055
1612,18055
19528,18055
13633,18055
17623,18055
24062,18055
5634,18055
11085,18055
669,18055
21285,18055
22347,18055
3502,18055
12332,18055
18846,18055
5326,18055
7543,18055
14418,18055
23314,18055
16937,18055
8598,18055
16639,18055
14709,18055
4528,18055
24941,18055
21364,18055
24850,18055
22966,18055
9888,18055
17970,18055
11763,18055
21448,18055
18433,18055
21240,18055
8813,18055
25433,18055
11967,18055
5599,18055
17253,18055
19704,18055
11949,18055
1322,18055
15709,18055
17689,18055
205,18055
827,18055
19005,18055
19443,18055
23040,18055
25468,18055
3135,18055
2941,18055
1834,18055
24538,18055
23934,18055
16077,18055
15273,18055
9001,18055
20174,18055
14776,18055
16094,18055
7333,18055
25307,18055
6021,18055
7922,18055
12818,18055
23711,18055
1865,18055
16556,18055
16628,18055
18920,18055
4567,18055
5044,18055
4260,18055
24392,18055
15655,18055
15776,18055
10508,18055
24599,18055
12393,18055
14393,18055
8181,18055
14135,18055
12761,18055
7284,18055
12463,18055
17870,18055
10589,18055
16063,18055
22327,18055
1806,18055
2047,18055
4603,18055
23793,18055
2191,18055
8814,18055
7015,18055
23672,18055
6141,18055
11154,18055
23412,18055
15705,18055
22628,18055
14061,18055
15811,18055
23634,18055
7214,18055
22703,18055
18634,18055
4135,18055
12314,18055
1326,18055
14818,18055
25191,18055
5840,18055
14761,18055
21980,18055
17189,18055
16104,18055
10494,18055
9109,18055
15975,18055
8863,18055
4904,18055
12759,18055
20091,18055
22212,18055
7354,18055
4286,16240
4390,18055
5994,18055
11103,18055
16790,18055
12683,18055
24659,18055
25382,18055
16754,18055
1432,18055
3405,18055
21828,18055
10978,18055
481,16240
18628,18055
19236,18055
18680,18055
9225,18055
10751,18055
15247,18055
12273,18055
23801,18055
14772,18055
9561,18055
18867,18055
15535,18055
3686,18055
11101,18055
22870,18055
19275,18055
10602,18055
21290,3037
2816,18055
5112,18055
16708,18055
24808,18055
19858,18055
10544,18055
17224,18055
23243,18055
4026,18055
9204,18055
2266,18055
17229,18055
13037,18055
2296,18055
5646,18055
22543,18055
10600,18055
1580,18055
23713,18055
544,18055
6343,18055
25358,18055
17155,18055
6395,18055
10009,18055
1359,18055
11930,18055
23585,18055
19430,18055
19467,18055
12601,18055
16614,18055
17475,18055
17642,18055
1922,18055
23702,18055
4568,18055
18480,18055
4468,18055
8751,18055
24064,18055
4069,18055
24094,18055
11254,18055
1065,13659
15750,18055
11810,18055
21692,18055
17989,18055
5904,18055
21123,18055
23588,13530
23588,18613
23588,17195
23588,2131
23588,12284
5192,18055
20870,18055
14381,18055
9434,18055
18664,18055
14648,18055
5396,18055
10596,18055
22847,18055
8503,18055
18522,18055
8057,2096
17799,18055
21918,18055
13719,18055
21774,18055
21672,18055
20096,18055
24408,18055
20804,18055
14026,18055
21211,18055
14933,18055
15275,18055
20525,18055
5596,18055
658,18055
22188,18055
19087,18055
12053,18055
24478,18055
23151,18055
14194,18055
2101,18055
11715,18055
19867,18055
15088,18055
14627,18055
21315,18055
6058,18055
25160,18055
2646,18055
14841,18055
19834,18055
22307,18055
9148,18055
11826,18055
6586,18055
14260,18055
19887,18055
5781,18055
25251,18055
11436,18055
2220,18055
7584,18055
965,18055
19327,18055
11373,18055
12766,4582
24045,18055
13029,18055
1754,18055
13409,18055
15648,18055
24233,18055
14504,18055
1905,18055
2118,18055
16291,18055
15478,18055
6029,18055
7191,18055
11408,18055
24036,18055
6186,18055
5863,18055
21191,18055
15055,18055
16161,18055
4099,18055
8819,18055
11824,18055
14844,18055
16826,18055
14457,18055
18734,18055
7788,18055
8626,18055
17923,18055
11449,18055
19865,18055
8077,18055
11431,18055
13238,18055
22100,18055
2972,18055
10593,18055
285,18055
15795,18055
12039,18055
3993,18055
12156,18055
24285,18055
18526,18055
22509,18055
21399,18055
16416,18055
24351,18055
16771,18055
3035,18055
17557,18055
15667,18055
9302,18055
734,18055
18550,18055
23605,18055
22694,18055
6551,18055
1846,18055
6277,18055
12959,18055
5636,18055
15732,18055
15721,18055
18261,18055
21994,18055
481,940
20634,18055
2534,18055
20499,18055
10578,18055
21196,18055
11799,18055
25029,18055
8092,18055
6341,18055
5187,18055
3962,18055
20999,18055
16169,18055
7347,18055
5805,18055
14699,18055
23523,18055
3191,18055
4594,18055
19113,18055
22537,18055
19604,18055
19296,18055
14796,18055
13283,18055
19640,18055
16597,18055
8292,18055
5174,18055
23680,18055
19628,18055
4525,18055
22174,18055
22579,18055
1802,18055
1064,18055
10415,18055
12013,18055
15959,18055
1085,18055
3246,18055
4986,18055
20054,18055
21937,18055
10625,18055
23924,18055
6711,18055
15050,18055
3006,18055
9467,18055
1637,18055
5959,18055
7563,18055
20708,18055
20579,18055
6209,18055
18593,18055
22518,18055
21865,18055
20719,18055
541,18055
23984,18055
15011,18055
20703,18055
8943,18055
7939,18055
19830,18055
22343,18055
3052,18055
4019,18055
19881,18055
4611,18055
14168,18055
17879,18055
2993,18055
20436,18055
2923,18055
2884,18055
9582,18055
1722,18055
22643,18055
17326,18055
14498,16240
10844,22460
2039,11821
4326,21856
22791,16240
15767,21965
11065,19519
21972,6084
21972,7239
9318,25133
9318,25133
8072,21022
8168,8367
10732,18872
22311,8367
25059,3391
13313,6916
15153,21965
15153,21965
16478,17341
7671,5
18911,16240
16862,16240
20882,16444
6388,21965
23160,19341
13661,16712
13661,18032
22231,16240
6807,7131
18983,21965
17152,20115
12095,5981
12095,882
12095,16688
4,7
13260,21965
1987,18724
18117,8324
7531,25133
22070,25449
10802,25133
19469,532
7808,21965
9515,25133
6890,9775
12581,11321
3402,14564
9359,1
6129,5395
2841,21965
17976,12379
1888,1821
1400,2325
3196,13566
6919,15057
18690,5
23628,8367
7397,15545
13362,21725
19243,16240
5230,10390
7135,2723
16380,23187
22785,3584
24735,21965
19670,2867
22470,9824
15249,18957
11194,18493
21766,36
19743,18
6889,36
23440,5
23818,21965
1306,21965
17118,21965
18659,21965
24345,23001
25476,10881
2612,21965
20855,21965
5110,22416
19472,21965
15392,21965
24481,6803
19392,19385
25295,10881
126,8033
13594,21965
5820,7646
9289,3692
10761,21965
3010,2709
18725,21703
8949,4271
2117,16240
5839,4295
20236,22560
20352,9805
7278,14070
9552,14070
7554,18055
23865,18055
10458,18055
1291,9675
5228,1685
8583,18055
21611,18055
22529,18055
14277,24182
5628,18055
2040,8827
12000,13404
4188,18055
12371,18055
20182,25462
13478,8471
4070,9675
4070,9675
5500,18055
8163,18055
10241,18055
21110,18055
488,433
13146,18055
20956,16940
25286,23777
15257,6371
15257,21965
500,4885
2902,12190
2827,378
2470,2550
2457,22743
2424,16049
2409,6413
2473,10605
2588,11726
2565,12369
2203,8620
2525,19871
1329,1724
2570,889
2379,16838
2161,7345
2593,18138
2109,18574
2609,4689
2626,4191
1879,15080
2650,10877
2655,6995
2636,9436
2701,15271
2087,16088
2711,5268
2746,1370
2712,21461
2779,25208
2789,19150
1963,15876
2385,18875
2382,17432
2780,23546
2795,12905
2810,25108
2193,20105
2302,18794
2860,25227
2906,18263
2913,277
2199,8440
2076,1504
2934,20002
2343,25187
490,433
2978,13376
2260,14828
2059,12183
2332,16408
3029,6790
3032,372
1961,4250
2267,22743
3084,853
3114,19051
3110,2050
1971,18769
3154,10430
1993,4008
2213,23546
3156,17159
3145,6486
3173,15110
3175,1449
1859,7238
2297,5235
3163,333
2078,18380
3177,12781
3184,3404
3206,11269
3230,2591
3250,2885
3236,22743
3244,11136
2013,378
1945,16809
1953,8440
2282,12172
1901,18172
2189,9027
1980,2611
1680,22342
1764,1977
1809,221
1681,7828
1839,10365
1331,14248
1633,3340
1765,320
1778,24722
1668,9195
1832,1024
1622,11748
1289,9675
1760,23787
2439,21414
2700,24603
17551,8185
12418,11983
5027,4832
2005,22776
15767,24421
8057,8401
4358,4570
4326,3543
3865,18988
19428,24234
3830,8238
15818,8238
20960,21242
7397,23116
12184,17128
71,21497
14719,15419
17828,7070
7070,21965
7070,21965
7671,5
18032,21965
16712,21965
2657,3881
4722,21965
4722,21965
4722,21965
4722,21965
4722,21965
2497,21965
5494,21965
7605,8238
20980,8238
17013,8238
13661,15142
13661,3144
12757,7136
9466,8238
24278,22609
3440,24278
4722,21926
23073,7598
18460,4722
8191,21965
17284,21965
3770,21965
16677,21965
6310,25133
22475,25347
12636,21965
11839,9759
24489,21965
14733,8019
16165,8238
4676,16240
3196,13566
4,7
21615,8367
7064,3363
24721,5
8209,8238
20029,23013
13362,21725
17515,10411
19469,532
20042,18723
23148,24494
5171,4640
22770,23193
5230,5818
17329,10390
25363,16456
21985,18135
12710,8238
16380,23187
7135,2723
21649,22564
3,29
7209,1033
13755,17078
24877,6304
9666,21965
16865,10689
141,21965
1413,6346
20874,21965
3010,5
7208,21965
7208,16240
1306,21965
19370,25133
13310,25133
14789,21965
8969,5945
23126,5945
24329,5945
20352,21965
20352,21965
12788,21965
22237,16240
22330,6960
10559,18449
720,21965
23445,8238
2562,21965
15257,21965
15615,16240
18725,21703
3241,21965
15254,9562
15254,12379
8857,3432
18738,9068
2151,12161
12211,16240
14990,21965
7353,21965
18266,21965
24589,21965
22605,21965
1981,21965
16512,21965
9527,16240
19845,21965
10974,16714
9127,25133
15250,21621
20855,21965
12528,25133
8482,21965
7231,25352
15257,21800
8637,2916
5195,24977
5448,24177
5678,23476
5020,22306
4500,15092
3534,301
24705,8471
4103,4689
3872,24466
4316,19079
5172,1662
3625,22616
5478,23546
4252,17223
4782,22835
3597,20009
4216,16229
3894,9451
4040,15348
8443,24080
3645,4771
5878,15946
5918,16321
5694,1810
5306,982
3516,25135
16037,21722
3535,9667
5022,22915
4789,24789
5201,13728
5318,1386
4544,6273
3801,21420
3531,24605
5437,8616
5277,22743
4698,13963
4650,8657
1280,18882
3630,3024
5272,3168
5191,9479
5006,15047
5088,25111
5563,3302
3384,10260
3771,15927
3623,22824
23359,9675
3967,8987
3546,17020
5582,2611
4973,11581
24525,8471
5910,3283
4631,8941
5451,6362
3739,20136
5939,12934
3367,10119
4993,1302
5349,23546
3524,23438
4794,15451
5035,5545
4348,25010
4621,7971
4000,21327
4047,9511
4102,8236
5303,21965
940,16240
9227,23444
18217,1216
5656,22268
4999,17867
24523,8471
15250,13034
16962,14644
18881,2616
500,21965
9127,25133
7318,19022
1410,267
1582,11937
22621,378
10684,7802
3323,3460
3917,21760
3265,25315
3299,9417
3309,5412
3264,20743
3257,1337
3298,4018
9368,4684
4075,9675
2886,10319
18868,13057
2005,25494
15257,21965
10161,21965
13003,16240
12208,2954
5656,17841
19284,4445
22356,21965
20488,21965
14262,21965
977,16240
14956,20427
22015,20427
14635,22871
5209,15434
19644,18743
13820,3571
369,22801
1065,13659
19505,20132
19505,20132
3662,21965
22886,51
18292,21965
8518,21965
14253,21965
21686,21965
5791,21965
12499,21965
20153,21965
24975,21965
20858,21965
23556,21965
6585,21965
22792,16240
2123,16240
15473,16240
10226,16240
1982,21965
22132,21965
3661,21965
14255,21965
20155,21965
15472,16240
9701,12325
19684,21965
5063,16641
5063,22185
5063,1852
5063,9352
5063,23791
5063,14093
5063,18540
5063,22249
5063,2503
11195,19519
12080,21965
5604,21965
8517,21965
20151,21965
21877,16240
22128,12498
22544,5572
16043,21722
8057,3991
13797,19808
23096,13916
22566,15685
23588,7465
23588,6571
23588,23858
24720,8158
22566,4604
22566,21981
5063,5052
5063,22749
5063,13282
5063,1864
5063,21184
5063,16845
5063,3712
20202,21965
19317,15103
23588,14426
18018,12446
3143,4949
8423,18055
22834,18055
3100,18055
13355,18055
1670,18055
3039,18055
23091,18055
17276,18055
11347,3641
21889,18055
21396,18055
8301,18055
12493,18055
23727,18055
16151,18055
3098,18055
14293,18055
11384,18055
5793,18055
8677,18055
7795,18055
17286,18055
22566,12490
22566,14298
22566,1208
21510,18055
16420,18055
10786,18055
105,18055
8885,18055
10436,4949
20457,18055
22551,18055
3865,1137
4326,3543
7797,4949
15767,21965
20689,21965
3852,21965
22980,21965
13678,16240
21972,7239
21362,40
528,8367
14512,18872
23497,8367
15203,18872
11524,8367
7147,18872
10535,8367
12707,23686
15571,18872
16034,8367
5977,8367
14780,18872
13141,8367
1734,8367
21198,8367
3652,18872
18908,8367
7038,8367
8888,8367
2134,18872
18171,8367
2734,8367
8621,18872
8247,8367
7179,8367
8328,8367
11288,8367
25262,5656
17828,25079
25079,21965
25079,13753
15023,10634
7596,18990
298,8551
298,13753
10134,21965
18911,21965
15142,21965
13229,13090
7671,5
15127,21965
16765,21965
25313,16240
16606,3263
6345,22631
4742,7136
14345,10610
4145,9497
25439,18278
25343,10763
19100,25133
17834,5973
24278,13074
9093,21302
22601,14489
15417,14489
21230,14489
9614,22474
4421,22396
7628,21930
17785,23228
23408,832
7017,25133
4,7
9619,25133
6465,11177
15752,16240
7136,23153
2354,10049
6665,16240
1620,4932
13362,21725
19469,532
3196,13566
8718,23184
3365,21471
7135,2723
2824,16240
16380,23187
25203,23
14087,15840
16800,7007
8857,19524
14894,25133
9127,25133
21902,5
7531,25133
23947,20121
9227,23444
24263,21965
17849,15829
19041,25133
24003,21965
9852,25360
18279,19067
14284,21965
18834,21965
264,16240
25346,19107
23190,21965
22134,21965
4119,16240
12701,19520
19370,25133
10095,8033
20293,9974
1038,5237
8425,5237
15869,21011
15149,11304
17105,21965
19828,19519
1286,10881
20946,21965
2376,21006
20646,21965
24970,21965
10826,21965
10353,21965
14264,21965
22011,21965
3488,21965
15411,21965
9294,21965
21593,21965
6240,21965
6557,21965
2523,21965
17951,21965
11702,21965
11340,21965
23166,21965
2317,21965
8538,21965
8942,21965
20742,21965
12208,21965
3472,25133
15748,3710
5839,9363
3863,6376
4734,7786
4037,19682
4834,13710
4763,24949
4214,4472
5603,18571
4955,12626
4857,7594
5033,21449
5765,7890
4971,20443
4433,9660
4010,20391
4644,22663
5081,7931
3717,10003
5699,14246
4965,9002
3577,13051
4352,18769
5550,23581
5593,24945
3750,277
5518,25111
5842,9484
3836,16726
3783,6061
3706,25411
3955,269
4454,1209
5134,1269
3965,21461
5238,21713
5369,15736
5787,4378
5391,17798
4174,22336
3530,5867
5569,9700
5810,659
3665,13940
4988,21461
5587,379
3412,7618
5508,4686
4211,12907
4919,1376
3609,4689
4233,4473
5779,16472
4801,12197
3912,23420
5003,21272
5812,18882
4842,17234
5465,2501
4490,15340
4853,20400
5514,24500
4828,24068
4377,7982
3674,12005
4585,23643
5432,5069
5338,14481
5382,20548
5351,13717
3627,12403
3814,17910
4130,12021
3907,16505
5165,8996
3473,17223
5256,1986
4098,4689
4877,13945
4674,4092
4678,3963
3959,6486
4106,18900
5162,4738
4519,19649
3789,3358
5591,17575
14880,8336
3749,12542
14471,14904
18470,22566
25295,10881
4885,21965
24712,8471
1285,9675
5133,1225
13484,8471
4081,9675
23357,9675
10044,16723
24526,8471
7385,12412
21883,25133
12832,9129
25403,21965
16779,21416
16779,21416
500,2871
2005,17662
14067,21965
25431,10722
17876,3922
4167,9233
6310,25133
13310,25133
16222,2707
25539,2707
5796,973
17859,24771
12056,18479
24396,19722
3865,15384
9038,9454
4326,3543
8179,21965
3126,21965
3888,6273
3879,8297
7397,5792
25343,10763
13090,21965
15215,19288
21076,8848
12776,1562
13661,11837
8239,25451
19541,4138
4138,16240
4138,13753
17201,13058
18911,16240
17934,8778
16334,2742
16334,15202
6252,23499
16609,7630
16609,7270
16609,2576
6284,18163
22331,12895
22331,13270
22331,22035
18093,18369
18724,21965
6284,19584
17828,8804
8804,17662
8804,16240
18249,14335
14335,21965
14335,21965
24232,8238
25529,19627
5153,4485
15185,21965
12184,17128
3350,16377
10564,21639
13774,96
7671,5
8884,21965
11828,20285
3350,21965
7136,22012
20449,21965
7673,8238
703,21965
703,13753
22448,668
14643,1691
19960,10147
1912,8238
18248,8238
13034,20214
21558,1
11680,5968
5653,10356
4676,16240
6665,16240
7059,16240
20310,7123
292,6151
19379,19385
43,51
3736,8238
15023,10634
21872,8238
2495,3432
21649,22564
25203,23
10424,25133
14395,15105
17460,21965
14433,8238
7285,13318
7285,5
16380,23187
11193,17756
41,6852
14675,8238
19469,532
18210,9775
2527,6067
3,29
24765,8367
19391,19385
2719,8238
7135,2723
20960,21242
17849,17408
13462,9445
15519,4628
15181,4009
14914,21965
12266,1698
9286,6315
16976,21965
6891,36
22290,20935
16082,21965
20505,21965
14395,1699
10351,21965
25439,19393
2848,16900
11701,2325
24132,21965
3594,16240
19392,19385
18359,6964
16185,7474
6195,2956
6354,12848
6515,424
5884,19340
5252,25111
4754,9719
16432,88
6042,4839
6352,7359
15617,18055
6144,3304
6367,24967
6165,16407
4030,6486
6183,22262
5151,15348
6048,13047
3442,24327
12911,17856
5055,13249
6319,15403
5031,9436
6257,17020
3591,10563
6121,24992
6255,13657
5975,18396
6437,9983
3902,3904
6332,20821
23359,9675
6035,23546
6407,19739
4322,20571
18320,18055
6198,24466
8443,24080
6481,2890
4866,3075
6005,22763
6390,24758
3216,15128
18725,21703
6669,1216
10941,1216
19828,19026
9227,23444
1617,8367
23551,36
16002,36
4532,21965
17836,16240
18024,21965
22254,21965
14692,16240
17730,16240
20029,19798
24345,23001
2612,21965
4488,21965
1620,4932
20003,21965
13362,21725
6583,12379
7955,5237
3978,5237
2886,21930
24586,16240
20165,8127
22370,21698
1820,21965
16175,25141
17302,14961
16962,20676
15815,16240
2005,3152
22266,14294
5796,16240
4949,4791
500,16240
12208,21965
2954,21965
6453,25133
6610,20345
14894,25133
10125,9611
20541,21965
20714,21965
9980,21965
21908,21965
2690,21965
20621,21965
18520,21965
5072,21965
4415,21965
9975,21965
16569,21965
1539,21965
18183,21965
15797,21965
7847,21965
15989,21965
12792,21965
18652,9201
16779,21416
16779,21416
2151,12161
14894,25133
19847,21965
14646,21965
15254,22244
18028,21965
15759,16240
10361,21965
14588,16240
14497,16240
7017,25133
9865,25306
5063,9946
5063,8917
5063,10337
5063,23075
5063,9493
5063,6550
5063,17678
5063,23909
5063,773
5063,5633
5063,22997
5063,21355
5063,9342
5063,23945
5063,5111
5063,19805
10008,9775
8477,21965
4937,16240
11196,19519
14991,21965
22126,21965
1585,1929
20299,16240
15630,16240
21638,21965
903,17105
21640,21965
8492,16240
13427,21965
18086,21965
7913,16561
943,16240
19848,21965
904,21965
3557,16240
10379,20684
8498,16240
6558,21965
19085,11921
901,17105
4126,16240
22129,21965
12945,10881
11263,21965
20859,21965
18515,3432
2125,16240
8546,21965
11709,21965
20686,21965
3493,21965
24669,11065
19500,11370
18082,21965
10165,21965
7882,21965
14237,9674
3127,21965
6927,16240
8001,21965
22982,21965
20369,21965
4936,16240
898,21965
4123,16240
8691,16240
12789,21965
18286,21965
20294,16240
11265,21965
8544,21965
20296,21965
19928,7358
5209,15434
5209,15434
3994,21965
18287,21965
747,9445
113,21965
6510,16240
18083,21965
22130,21965
19505,20132
19505,20132
21687,21965
12562,6896
9903,21965
20776,18055
6145,18055
4967,18055
14965,18055
11688,18055
23588,3410
5567,18055
22460,7637
11656,18055
4581,18055
14166,18055
23838,18055
10726,18055
18638,18055
241,18055
24277,18055
2358,18055
4878,18055
2874,18055
8542,18055
18721,18055
22581,18055
7775,18055
1443,18055
856,18055
13770,18055
4276,18055
16752,18055
6706,18055
11515,18055
4375,18055
16259,18055
2280,18055
24740,18055
116,18055
16459,18055
10871,18055
23527,18055
4141,18055
3757,21965
4426,18055
2506,18055
23732,18055
9065,18055
3865,3646
10471,18055
17119,18055
24419,18055
10174,18055
18712,18055
14073,18055
25232,18055
17963,18055
17661,18055
14210,18055
908,18055
19872,18055
11869,18055
13956,18055
24172,18055
3148,18055
3971,18055
19167,18055
2351,18055
21050,18055
23824,18055
20108,18055
16934,18055
16720,18055
24398,18055
1769,18055
6361,18055
1381,18055
16521,18055
19821,18055
22433,18055
15433,18055
24527,18055
14823,18055
6801,18055
6634,18055
16300,18055
16031,18055
2322,18055
9182,18055
11830,18055
14157,18055
11238,18055
16612,18055
11796,18055
5831,18055
9718,18055
1220,18055
18134,18055
13207,18055
7155,18055
5668,18055
2924,18055
7310,18055
309,18055
12802,18055
11920,18055
22144,18055
17306,18055
2247,18055
498,18055
712,18055
21804,18055
5536,18055
18580,18055
11105,18055
10207,18055
13069,18055
8955,18055
25500,18055
22909,18055
8932,18055
1374,18055
5146,18055
19577,18055
13019,18055
20366,18055
4354,18055
22613,18055
6069,18055
25121,18055
20146,18055
21557,18055
13713,18055
11749,18055
14137,18055
12899,18055
4600,18055
23778,18055
6130,18055
786,18055
18445,18055
3906,18055
7749,18055
24663,18055
5648,18055
21781,18055
7445,18055
7290,18055
22362,18055
6591,18055
13023,18055
20705,18055
24856,18055
21735,18055
485,18055
17257,18055
1621,18055
1792,18055
3721,18055
9059,18055
11477,18055
2164,18055
21239,18055
10322,18055
13501,18055
2601,18055
9652,18055
5048,18055
666,18055
10512,18055
819,18055
16634,18055
14208,18055
16933,18055
20197,18055
5389,18055
17297,18055
15981,18055
24294,18055
25166,18055
2165,18055
21849,18055
24183,18055
25324,18055
6662,18055
912,18055
21806,18055
12422,18055
21397,18055
14770,18055
22774,18055
5105,18055
12342,18055
4044,21
12084,18055
17864,18055
23337,18055
5037,18055
536,18055
3122,18055
3253,18055
11009,18055
15982,13757
8520,18055
24585,18055
25164,18055
25220,18055
10087,18055
7344,18055
17412,18055
16549,18055
22804,18055
16167,18055
17034,18055
9860,18055
8473,18055
4025,18055
7781,18055
24952,18055
17600,18055
24802,18055
18534,18055
17009,18055
17400,18055
4556,18055
13026,18055
22623,18055
19757,18055
16513,18055
24458,18055
10903,18055
11232,18055
416,18055
8375,18955
23044,18055
6828,18055
25075,18055
16601,18055
13280,18055
21724,18055
15662,18055
2494,18055
21090,18055
17857,18055
21201,18055
4049,18055
21190,18055
8662,18055
15746,18055
24928,18055
11723,18055
9986,18055
2310,18055
21579,18055
17288,18055
19758,18055
18941,18055
13606,18055
4180,18055
4475,18055
17358,18055
3093,18055
13722,18055
10142,18055
23143,18055
16784,18055
9503,18055
1773,18055
22139,18055
8660,18055
13716,18055
20986,18055
8035,18055
12547,18055
21236,18055
7298,18055
15708,18055
5486,18055
15163,18055
3030,18055
20967,18055
19206,18055
7271,18055
15161,18055
21539,18055
21484,18055
4969,18055
12846,18055
23285,18055
24098,18055
16313,18055
15674,18055
16214,18055
17239,18055
18538,18055
1075,18055
17275,18055
5610,18055
19517,18055
3124,18055
6180,18055
4063,18055
6531,18055
17279,18055
5667,18055
18804,18055
6821,18055
7576,18055
21155,18055
24416,18055
22991,18055
17940,18055
22710,18055
20654,18055
11076,18055
13301,18055
19781,18055
19846,18055
9677,18055
14921,18055
16339,18055
11678,18055
4207,18055
1575,18055
18993,18055
3118,18055
16105,18055
20122,18055
24563,18055
1526,18055
13412,18055
24308,18055
10641,18055
18800,18055
23504,18055
23003,18055
11225,18055
6181,18055
1766,18055
1576,18055
4809,18055
21789,18055
18627,18055
14686,18055
11347,8118
23940,18055
20919,18055
6561,18055
14769,18055
7642,18055
8078,18055
13495,18055
3951,18055
5456,18055
7414,18055
4304,18055
13211,18055
2330,18055
13425,18055
13112,10916
24984,18055
19475,18055
20107,18055
1065,13659
21586,18055
13002,18055
6494,18055
6110,18055
8801,18055
3005,18055
12512,18055
9447,18055
21057,18055
4237,18055
6716,18055
16859,18055
11099,18055
24257,18055
21786,18055
18961,18055
8927,18055
11433,18055
12965,18055
8347,18055
21839,18055
23889,18055
12166,18055
21788,18055
21518,18055
22574,18055
12202,18055
17609,18055
23632,18055
18347,18055
8629,18055
20205,18055
4437,18055
24169,18055
6251,18055
806,18055
16622,18055
12783,18055
23821,18055
4139,18055
14797,18055
20425,18055
15845,18055
25275,18055
481,21965
5650,18055
5196,18055
17172,18055
8451,18055
6682,18055
20563,18055
23178,18055
23506,18055
18362,18055
15119,18055
15775,18055
13353,18055
5801,18055
2186,18055
14754,18055
16201,18055
14015,18055
18874,18055
22566,11047
22566,22619
22566,7058
22566,10395
22566,1348
22566,9727
22566,10582
5283,18055
1642,18055
17403,18055
21967,18055
20237,18055
11060,18055
11542,18055
9821,18055
20288,18055
7037,18055
10876,18055
22840,18055
11258,18055
9427,18055
19328,18055
22968,18055
14985,18055
11575,18055
19412,18055
1350,18055
8230,18055
24860,18055
25528,18055
12233,18055
7020,18055
1382,18055
481,23155
11992,18055
17208,18055
12026,18055
17964,18055
15389,18055
23588,21934
23588,4908
23588,21077
23588,21430
3562,18055
15357,18055
22204,18055
17440,18055
23025,18055
20033,18055
5772,18055
18741,18055
13656,18055
22589,18055
77,18055
7587,18055
876,18055
9031,18055
732,18055
15162,18055
6984,18055
14550,18055
7362,18055
2979,18055
2437,18055
13230,18055
935,18055
1452,18055
6054,18055
13122,18055
21215,21965
7951,18055
8739,18055
14732,18055
22598,18055
9110,18055
2772,18055
10210,18055
976,18055
10954,18055
22661,18055
24911,18055
10727,18055
5930,18055
12368,18055
5888,18055
24920,18055
7454,18055
2169,18055
25237,16240
11065,24671
6221,18055
8902,18055
21972,19490
21972,673
10687,40
2281,7095
11798,7095
7746,21965
11190,16970
21554,7095
21858,7095
11361,7095
17237,7095
12937,17408
2722,7095
25349,7095
1783,7095
4356,7095
21381,7095
15342,7095
23450,7095
19836,7095
13987,7095
17064,3429
3477,21109
12266,1698
17633,3119
7671,5
591,16240
11837,21965
4145,23857
2497,21965
17201,21965
10134,21965
4301,7966
3350,14961
3350,15103
6345,23408
7382,3144
8128,12023
16334,8654
24379,21965
15185,3357
19469,532
15248,21965
25343,21108
15455,21660
7135,2723
2227,10709
25363,19075
24422,19832
20901,3701
23019,5998
15779,21965
22131,21965
20739,21965
18932,8336
10390,1
23087,21965
18720,21965
18559,799
21307,9068
19552,1590
2458,22743
2469,2550
2825,378
16613,18055
16789,18055
22629,18055
6222,18055
18443,8014
21445,21965
20295,21965
837,5303
20149,21965
19656,21965
4931,21965
22238,16240
4124,16240
20297,21965
21442,21965
24973,21965
11347,17261
23588,5985
19379,19385
8670,1871
22070,25449
11975,21965
5999,17914
15979,1
21421,1
7706,4707
21220,14564
24396,12379
8340,438
21456,19519
4,7
15675,15796
9992,10209
14000,10709
1117,4707
16380,23187
3964,18135
1413,6346
11194,18493
19778,9887
23365,14582
21152,17808
9227,23444
23947,20121
20419,21965
2290,21965
14522,21965
9181,21965
2285,12161
6244,21965
3365,21471
8510,21965
10083,19573
18060,15886
11628,21965
23662,9497
4398,20104
22878,21965
25359,16240
12845,16240
20029,19798
724,22563
18146,16240
25019,1
21361,21965
5063,15943
1211,22566
2465,16240
25321,5242
2242,16240
2202,8620
2788,19150
3028,6790
2713,21461
2651,10877
2423,16049
1965,4250
1330,1724
2912,277
1992,4008
2747,1370
2110,18574
2900,12190
2060,12183
2586,11726
3083,853
3109,2050
2794,12905
2859,25227
2380,16838
2627,4191
2088,16088
488,433
1972,18769
2077,1504
2566,12369
2592,18138
2303,18794
2638,9436
2976,13376
2162,7345
2215,23546
2383,17432
2702,15271
2812,25108
2654,6995
2200,8440
3174,15110
2268,22743
2410,6413
2386,18875
2933,20002
2571,889
2526,19871
3115,19051
2781,23546
2259,14828
1878,15080
3155,10430
2905,18263
2782,25208
2710,5268
2608,4689
2474,10605
2342,25187
2192,20105
1964,15876
3031,372
10519,3382
302,22384
567,1066
276,12409
289,21531
660,172
665,21696
877,20743
899,22300
613,1866
220,5164
497,13099
279,22558
709,6486
196,16871
653,19699
332,15243
262,18599
549,18571
159,6834
266,7625
256,12216
687,582
743,10451
156,18875
260,12592
601,14070
585,8381
431,4726
834,20462
846,1103
588,7262
560,2682
715,2425
216,21417
225,831
170,22751
793,1583
479,15217
445,4686
334,18401
758,14513
348,18361
290,7968
338,23546
822,6917
631,10550
272,21437
517,18380
770,3781
347,18407
767,21461
397,25077
820,2889
802,16322
420,14767
777,4385
639,4839
764,4689
103,16562
246,2889
23155,21965
19085,11921
19505,20132
6636,2276
9701,948
10008,9775
7913,21880
21066,1303
4938,21965
12074,21965
25291,1076
22886,51
840,21965
22127,21965
13241,21965
4483,21965
16153,21965
8516,21965
18292,21965
17106,21965
11591,16240
17728,16240
1991,21965
19655,21965
16154,21965
18056,16240
11598,16240
8689,16240
22923,10967
4945,21965
481,21965
902,21965
21444,21965
843,21965
13228,21965
8625,16240
11596,16240
8694,16240
13797,19808
4287,18073
3256,16606
16155,21215
19302,21965
1016,21965
2217,11333
5941,4858
24530,4118
4811,25532
22566,339
3865,12303
20756,14663
14869,20996
4326,3543
5870,11338
5870,23299
19313,13399
22309,21965
20836,12688
19380,19385
5915,21965
15153,21965
13590,21965
18378,2809
15437,22944
12095,21965
22680,21965
3144,21965
7671,5
17310,412
4145,23857
4241,13307
3350,12896
22231,21965
20433,1351
19369,1
20801,10178
4746,23981
1310,16240
3660,12942
1987,7961
5847,25529
24668,19026
7527,3778
8884,867
10266,25453
15519,4628
8225,13922
11975,21965
14000,1821
16872,16240
6129,11229
6164,21965
8533,18869
724,20676
18273,9611
14656,19567
19670,2867
16185,9611
24671,19519
19469,532
21418,13072
10614,36
7135,2723
20468,3432
17976,4297
18711,16240
16380,23187
21649,22564
2227,1173
14395,12443
9791,25133
6453,25133
22266,14294
10156,7085
14694,16240
18725,21703
14894,25133
1413,6346
3498,5952
14556,9047
13362,21725
16503,18479
14050,17742
12211,17375
16507,22724
1762,1977
1679,22342
1979,2611
2190,9027
1902,18172
1944,16809
1954,8440
2012,378
3245,11136
3237,22743
3251,2885
3229,2591
3205,11269
3178,12781
2079,18380
3161,333
2298,5235
1858,7238
3176,1449
2283,12172
3183,3404
6745,7031
5613,14124
19448,21965
3196,13566
6887,36
20029,16405
23203,10286
20214,20599
6663,20599
7446,36
4569,21965
17316,21965
7428,21965
17241,21965
8497,16240
23893,7841
1689,9950
15257,21965
20938,21965
2084,4927
2084,12379
9227,23444
23947,20121
3943,18578
16762,2680
14204,12379
6925,2027
7799,16240
4100,19520
13033,16240
10333,3432
20880,4344
25321,381
11458,11130
15911,15103
16191,6455
20086,4009
9845,18135
24888,1
18060,6300
18932,16240
18775,16804
364,21965
14167,21965
2201,21965
895,21965
2766,21965
2820,19573
7320,19022
13478,8471
1291,9675
3324,3460
3310,5412
3266,20743
1683,7828
24705,8471
3258,1337
1411,267
24525,8471
24525,8471
1291,9675
3296,4018
4070,9675
1581,11937
2438,21414
10683,7802
1759,23787
3300,9417
9369,4684
23359,9675
1763,320
2699,24603
1634,3340
3269,25315
1667,9195
1841,10365
1807,221
1623,11748
4070,9675
5138,1225
1779,24722
1332,14248
1831,1024
8883,18055
16037,21722
193,12144
16779,21416
17461,14650
24265,21965
10519,21965
1277,12882
1416,3699
997,5662
1549,699
1360,11502
1108,20860
1246,21122
8289,16738
1307,344
1001,6273
20184,20071
1334,22557
1545,17142
1131,19516
1559,22278
1675,16520
1215,11704
926,17031
916,9432
1631,6804
1182,13883
4690,3428
1223,3482
6242,10854
1428,24931
1171,25353
1096,15189
1422,17482
21296,504
1151,17223
1272,23300
1258,6875
1461,5641
17221,14099
1553,6951
961,8505
1176,18678
1318,13398
1530,16489
10750,16983
1338,1396
13761,20274
1187,20690
1193,20501
1327,10559
923,14936
14069,21606
1263,6401
1003,14035
1155,378
5297,24311
16433,9196
1339,19603
1205,23101
1275,5954
1081,15771
1441,23464
6095,11873
10111,10063
2871,21965
2707,9338
2707,8685
2707,2315
2707,21965
21199,22940
21194,13668
500,14547
194,5724
21973,18397
23199,23
3427,17825
6212,19883
23135,8308
18454,664
18202,19537
1357,23633
5209,15434
19644,18743
10379,20684
21362,40
19505,20132
667,9775
22886,51
20819,21965
18503,21965
897,21965
18087,21965
20004,21965
9177,21965
1018,21965
19300,21965
8691,16240
5713,16240
18504,21965
19452,21965
9957,14685
18513,3432
5063,8300
5063,22793
5063,16240
5063,16240
5063,16240
18506,21965
5063,16240
11333,21965
13696,21965
16152,21965
19459,21965
3997,21965
754,16240
18058,16240
15810,16240
7129,20310
15278,7620
11858,13075
12923,21965
3037,21965
8033,10856
13882,18055
10450,18055
14506,18055
6847,18055
12635,18055
22059,18055
7248,18055
22359,18055
5323,18055
21946,18055
10540,18055
24023,18055
1916,18055
15282,18055
22608,18055
21968,18055
14432,18055
12556,18055
25188,18055
21938,18055
481,20647
8166,18055
21852,18055
2416,18055
8865,18055
8671,18055
19921,18055
7685,18055
10505,18055
21861,18055
13387,18055
5116,18055
4087,18055
13055,18055
9908,18055
16470,18055
11633,18055
19086,18055
19190,18055
475,18055
10570,18055
21502,18055
7306,18055
5926,18055
10093,18055
25297,18055
2733,18055
16250,18055
14089,18055
5669,18055
17884,18055
23362,18055
13363,18055
15253,18055
17567,18055
21547,18055
15139,18055
2801,18055
13303,18055
6479,18055
13518,18055
3305,24815
24291,18055
18660,18055
16118,18055
10575,18055
15643,18055
10803,18055
8951,18055
16953,18055
5084,18055
3523,18055
516,18055
12682,18055
18512,18055
14868,18055
21002,18055
1238,18055
8970,18055
23588,2362
23588,6722
23467,18055
17231,18055
6989,18055
199,18055
16355,18055
11556,18055
12049,18055
13941,18055
5735,18055
20271,18055
11347,14360
11347,18468
11347,18068
11347,7351
16231,18055
20055,18055
14737,18055
17641,18055
5405,18055
20929,18055
4516,18055
13097,18055
25395,18055
16761,18055
9299,18055
4933,18055
13631,18055
17030,18055
12312,18055
23926,18055
22566,14746
22566,20920
22566,9410
22566,14184
22566,9281
22001,18055
12059,18055
14428,18055
9894,18055
9486,18055
9437,13727
21544,18055
11618,18055
9215,18055
9470,18055
11233,18055
5614,18055
18256,18055
11273,18055
14916,18055
24916,18055
9990,18055
25329,18055
16841,18055
5530,18055
22416,4949
4326,3543
5063,16240
2697,16240
21972,5792
11190,13807
25343,1698
17633,3119
18359,7095
23199,23
17711,7136
22231,21965
24481,9713
10205,313
9701,11993
8255,11347
14198,19576
22566,16650
22566,18474
7671,5
7382,19734
10134,18214
22904,4722
22631,15103
24379,21965
19469,532
19127,21965
17110,25001
7135,2723
25444,16240
10893,16240
24159,21965
17916,8033
13105,19798
1400,2325
12741,7866
18809,12379
603,16842
23078,21965
20647,21965
15250,12087
19644,18743
5209,15434
19505,20132
24745,21965
2868,21965
22405,21965
898,21965
14171,21965
17992,21965
13565,21965
1060,21965
19303,21965
21441,21965
13977,21965
4610,21965
2695,16240
11590,16240
8492,16240
4123,16240
13562,21965
24747,21965
1061,21965
19298,21965
1063,21965
9988,16581
23910,20395
2465,2369
11936,21965
3262,16606
18060,20093
4949,19598
11975,21965
19696,12731
19387,19385
12129,13382
24509,5887
23697,57
14589,25282
7181,21965
16380,23187
15519,4628
4,7
6409,21892
20960,21242
8596,23981
6526,4523
3646,5324
25153,21965
4849,21965
2678,21965
14345,5
20801,5
14231,36
24877,6304
15673,14271
24345,23001
6241,1243
24396,6241
16158,21965
20551,14046
21530,16240
24009,5952
22033,22331
10577,22566
21450,20946
18725,21703
4951,21965
13469,23232
11735,16240
17707,21965
2574,16609
19583,6284
18509,21965
23947,20121
17266,21965
15799,16240
6462,16240
19458,17460
21530,16240
7209,1033
7174,16496
500,21965
10974,9068
21307,16714
500,10899
5696,12379
3424,12379
22842,7429
22403,10542
21900,1308
22794,19044
22006,17718
22884,4364
22334,20502
23031,13164
21932,25187
22957,2899
22607,17917
21913,9942
23059,11061
22255,22854
22104,16673
22162,18878
22382,22224
8303,15009
22441,6131
22193,7061
21829,2130
21860,18886
22502,15876
22739,796
22111,5854
22654,18748
22783,24175
22670,24749
22843,2232
22708,14236
22481,12218
8358,22743
21893,23224
22335,11654
23083,15607
23142,14192
23099,25111
23074,22391
23141,21212
22110,3426
22377,10685
22302,8297
22048,1389
22234,6700
23140,24195
22532,16666
22577,4779
22833,17346
22602,5420
22508,10001
22651,11818
22062,13814
22245,22244
21897,16276
21960,6013
22365,16400
22077,21461
22494,16060
22109,18274
8441,24080
22971,6382
22828,21403
23182,25111
22073,4209
21888,9854
22952,10836
22192,22821
8824,12169
22547,13711
22220,4952
23043,18556
4370,5
22901,22115
5826,21965
46,49
19304,21965
17993,20938
20820,21965
22473,19058
20817,21965
20818,21965
23588,12602
402,16240
16452,6090
22886,51
4721,16240
17336,21965
9472,24720
15164,16240
19263,16550
11858,20792
11347,21878
1016,16889
23193,4949
18151,21965
2633,6703
22566,18142
22566,7205
5870,15545
5870,7239
6980,20423
8072,21022
12776,1562
6345,9938
19734,21965
8239,25451
20937,7586
20351,20245
13058,21965
5499,4722
19021,21965
8324,21965
17633,3119
988,19067
17633,3119
3506,21965
19312,6948
21873,21965
8494,13370
7296,1648
19380,19385
4145,23466
790,25450
11839,16240
3350,9497
4145,23857
4145,7620
4145,23857
7527,12265
3350,21965
3350,9273
12184,17128
22475,8959
15185,21965
10070,6471
7671,5
14811,23595
23153,21965
22231,11000
7136,13827
24379,21965
8734,8336
5751,16377
2121,22563
2121,13753
20806,23393
11975,21965
15519,4628
17515,23826
18462,11321
7410,21965
1600,5182
21456,19519
19369,19519
4676,16240
2585,23674
10168,9450
12266,1698
21649,22564
7321,16352
19907,7321
4588,17120
24205,23215
13909,9137
9545,6137
9972,16240
10564,21639
8128,12023
25444,1699
25343,10763
7334,23144
7334,23144
8321,12772
24211,21965
21493,23848
16380,23187
14894,25133
18764,14564
15284,4470
14556,16217
10724,3922
11062,36
19469,532
11570,682
14899,6896
8718,10360
16987,12379
19447,12379
2174,12379
16038,8033
7135,2723
20874,14437
12483,14918
7208,2381
22591,5100
12031,21965
20252,16240
24751,16240
21238,16240
24629,9909
13535,21965
12315,7783
12142,21965
2092,57
605,22119
22998,6302
4,7
1168,25014
18758,21965
11927,1216
18650,21965
13925,16240
9669,1216
15387,1216
8007,1216
2535,21965
24744,21965
8624,1216
24529,18055
11653,18055
12893,22331
7629,16609
7269,16609
17601,18055
5485,18055
18585,18055
4476,18055
2575,16609
25499,18055
18164,6284
13271,22331
3261,16606
2482,22648
18725,21703
11603,9611
798,18559
9282,22566
22715,946
2043,14384
3822,16240
19046,8269
9972,1699
21064,19520
10214,21965
9228,21965
4806,21965
5471,21965
8539,21965
17731,16240
1465,16240
19854,21965
11162,21965
15227,16240
4439,21965
12940,10881
15508,16240
19260,36
8211,2062
3345,21965
13165,21965
21569,16240
9685,21965
7208,14042
24574,9068
8015,21965
19893,16240
23559,21965
18026,21965
2124,16240
22123,21965
8939,21965
20029,16405
19498,21681
15859,9665
25067,21965
2886,2704
17458,16900
14880,23964
7157,22217
9943,4504
7442,10634
20520,9562
20520,12379
10492,12379
19949,5237
23194,4032
23327,6126
24490,7195
24004,25187
23390,9436
23371,6053
24249,1627
23851,15138
25375,13497
25418,4540
24399,15566
24510,982
25327,775
24471,9436
24160,23986
23840,17967
23377,775
24217,15146
25490,7291
25007,22743
24391,20586
24104,17752
24483,25187
23718,5449
24506,20841
23248,5854
24247,177
25534,17223
25090,23603
25031,21461
23944,18762
24326,9436
25245,22743
23832,23668
23695,19649
23604,1687
24803,13576
23973,718
24170,25187
23417,18827
24235,17073
24032,12612
25366,12272
24628,9061
24876,22472
24590,14062
24994,10882
24514,7151
24328,3443
24024,14826
24390,8903
24167,25269
25281,16546
23345,7647
23366,14473
23570,12800
25083,18875
25319,18969
24576,22810
24043,15999
25099,20413
23834,18411
24675,14306
24087,22743
24918,13895
23862,5691
24299,14959
25212,23546
23723,16181
23212,13854
23780,18861
24654,6760
23591,3000
23220,19247
24332,23546
25112,14070
25145,8471
24283,22232
23676,22107
23264,4689
23656,6284
24979,3223
23856,6742
24976,21793
23503,9269
25233,4689
23183,6311
24116,14828
24912,5598
24704,14553
24713,10787
24255,6106
25521,8714
25106,1906
24903,2069
25267,14223
24459,12256
24991,12251
24537,11144
25316,3268
24444,5854
23547,2214
25386,9702
25126,4521
25022,12580
24757,4929
23972,2731
24262,14376
25240,15806
18431,21965
15321,3922
8685,21965
9338,16240
2315,21965
10724,3922
23941,97
12351,8878
2465,4914
2465,18303
2465,18159
2465,21375
10519,2498
14547,21965
3382,21965
500,16240
6739,23013
15669,2398
115,2398
18639,2398
6523,2398
22260,2398
22093,2398
18602,2398
19424,2398
5102,2398
24673,2398
20749,2398
1777,2398
19811,2398
1892,2398
117,2398
16019,2398
16595,2398
1384,2398
9607,2398
4861,2398
2163,2398
22167,2398
13386,2398
75,2398
17876,3922
12211,21825
15257,21965
15257,611
2691,12379
6310,25133
11662,22229
24688,9920
2151,12161
2285,12161
5274,24800
2294,20427
7305,1833
18652,9201
641,22587
17211,21965
4950,21965
23999,21965
17207,21965
21394,16240
23400,16240
9458,15911
23096,21148
18503,21965
20939,21965
4287,1217
18505,21965
11732,16240
17990,21965
23180,22115
21066,17421
12336,24409
23399,16240
10687,40
23996,21965
9459,15103
19451,21965
22473,19812
19085,11921
20819,21965
1800,15103
15370,7358
24000,21965
18973,18922
15218,21965
23394,16240
17991,21965
2461,16240
19505,20132
15073,16240
19500,16490
9701,5463
3865,11037
7308,18055
23118,18055
15860,18055
19562,18055
23588,11496
8135,18055
4627,18055
17262,18055
13681,18055
5575,18055
14316,18055
13546,18055
2725,18055
1467,16240
25506,18055
25270,18055
4706,18055
22566,4163
24340,18055
6467,18055
593,18055
3865,1116
3210,18055
12380,18055
19454,18055
10862,3786
16404,18055
2022,18055
11858,14870
695,12690
20017,18055
13487,18055
15004,18055
6378,18055
8357,18055
14278,18055
23588,3772
23588,17866
22899,18055
625,18055
25091,18055
9122,18055
22261,18055
20528,18055
14584,18055
12282,16240
22566,12001
1243,12379
9079,21965
14937,18055
23839,18055
15738,18055
19684,21965
22886,51
16132,18055
1935,18055
2803,18055
14671,9186
2263,18055
24380,18055
8184,18055
10541,21965
22055,21965
9233,22460
18449,22460
24839,16240
4326,3543
2633,6703
21782,9201
11305,16240
4372,18055
3850,18055
6066,18055
21972,2350
20424,10634
4466,8367
12184,17128
24646,1227
19878,1227
17136,1227
19090,18872
3767,23686
3724,8367
867,21965
867,13753
20882,16444
7671,5
12822,21513
18214,21965
17201,21965
18911,16240
7586,21965
7961,21965
16913,10239
2319,21965
7382,4129
8128,12023
15185,21965
8898,12095
9011,3579
9011,13336
74,57
6140,25529
14238,1162
3190,73
7028,21194
8884,14027
8884,21965
6129,16240
15023,10634
21277,39
23910,13807
7181,21965
14097,17933
8198,21965
25343,6438
6371,21965
21340,25438
7679,16240
7135,2723
20029,16405
7897,7866
19469,532
25004,17370
8392,21965
17633,3119
25363,14593
16380,23187
7321,22352
21766,36
7879,23144
15172,21965
16503,18479
6894,6896
22266,14294
13362,21725
15307,14836
11057,5952
8692,16240
11364,5920
23947,20121
13792,3881
1141,21965
14076,22648
3370,8033
4100,2325
5546,21965
280,21965
22930,21965
22435,21965
7506,21965
15012,12366
5060,18479
18725,21703
18273,18564
6109,10023
1400,19520
15149,14227
14606,12379
18060,7850
10519,21965
470,12379
5818,10510
2242,16441
4306,8454
18017,21965
1407,21965
5298,19526
18857,4951
6853,14207
16779,21416
16779,21416
16779,21416
500,5675
14447,11548
9832,4295
2465,2909
2465,11932
2465,16240
24344,25219
22896,2398
4430,2398
23975,2398
19382,2398
2606,2398
23076,2398
7327,2398
6545,2398
10052,2398
24475,2398
21749,2398
12656,2398
11759,2398
2476,2398
22647,2398
7240,23144
2067,21
11858,2096
10031,20138
16145,5792
3150,5792
23966,5130
17559,6135
22399,16247
20575,8400
16560,5130
20114,411
24597,18986
10615,25447
23949,21965
4835,4182
125,5789
4718,5554
21581,2631
23693,6533
7720,22087
23397,21965
14768,21135
20399,24968
19612,6783
1431,6533
17706,2
21979,23000
684,23800
10350,21135
13365,2631
3845,22758
2785,5554
10091,23353
4946,24816
5682,18284
19724,5755
1823,3753
11964,15
2262,2
16709,15
7042,6533
1093,21965
14153,21882
17059,22758
18589,16240
5021,2099
5712,3815
2133,14566
6961,24426
21574,1978
21942,6533
3882,19360
10672,19798
11051,25050
11648,18579
746,10393
8475,5554
6761,6533
4626,13373
7492,19986
3948,21135
14995,13690
7402,21965
24822,32
11460,9993
3984,2631
14652,16247
11879,12379
16907,7744
5608,2093
8246,1699
23712,13753
24683,6623
23712,21965
8436,21965
11841,6533
5156,16240
1927,13753
24699,21965
7143,25097
15257,11783
12359,14614
12270,17546
13278,13102
10659,17414
15497,801
12971,14163
9387,9036
14121,9036
25025,21452
19530,1178
24013,15002
4530,21452
7189,13102
13219,7633
13317,13102
22308,24237
9984,21862
5221,16282
14366,20260
4998,21965
23903,16180
9951,2211
20889,14163
7848,6023
2798,16282
10703,14163
16454,16180
15332,21862
14926,7633
17113,24237
20276,25155
2103,7633
4464,20060
23525,801
10439,13102
20995,16180
2960,7633
22454,25155
4926,21452
10127,2211
13091,16282
14023,24237
21583,801
14020,17414
1803,13102
14719,15419
23675,14163
11183,15183
672,14163
18408,15002
13006,18103
284,21455
3136,15183
18129,16180
8468,14163
1555,2211
9999,21862
21363,7633
4230,20260
11386,15183
7111,21862
603,1828
603,20069
10223,3170
21664,7633
17023,3170
1787,15002
24666,3170
14460,17414
21276,7633
10497,20260
14176,8000
20909,1233
7652,22205
23384,5130
19568,5130
19434,14564
23943,8033
14729,20242
8779,2
18386,22196
15185,3042
8884,12480
15185,21965
21036,22390
4145,16346
13933,21965
3350,9498
22475,14853
4145,18955
19688,22196
7527,5972
18226,22196
4145,11153
7577,12496
16533,16240
9292,21965
13432,18795
24864,4299
16947,16107
17033,21965
20416,12379
19333,12379
16947,25288
22202,12379
19466,20533
19466,16608
13116,9309
5445,6314
7632,20599
8327,5897
9801,21965
22681,15111
4750,1162
2640,19600
17160,5130
15060,24118
12043,16816
22198,24946
21989,21135
14198,21995
10380,21099
14124,15652
8239,25451
14940,15
6767,21965
7435,18232
255,2
5782,21965
6958,17610
23949,458
7564,6533
12724,7148
21263,7887
21625,23304
13365,2631
3060,15622
13449,16240
18450,9764
4312,6439
7235,19519
11888,20401
1029,5417
23429,15
16230,16369
11835,6533
7989,7474
14765,12019
6924,4450
16971,21965
16385,5130
7755,7474
21833,17219
296,6533
13627,11423
1650,16240
14183,17356
6996,6533
1819,7474
19493,5554
13905,21135
11394,3453
17407,5554
13396,8611
20890,6533
21953,10237
14007,6533
5982,19519
15385,6533
8221,15126
24281,21159
24424,16371
24434,21965
10869,7434
474,1525
17493,21965
10473,24871
18304,19241
11368,21987
17393,6533
17072,19251
2749,19332
5804,13258
14827,21965
18912,6533
14827,13753
17022,5130
9494,20022
6055,759
254,1042
19737,7301
20291,21987
8379,16240
15526,16216
5908,5554
5205,13836
16607,20362
13073,17611
16263,3616
12821,22876
8231,4865
14211,7811
5928,9809
14719,15419
4317,15419
6217,3732
18854,21734
5902,3202
7956,21734
16242,4328
24647,2466
1811,19569
9620,15419
17103,5967
2935,21485
7653,4328
13799,9809
18075,4328
12184,17128
24580,17611
10402,21485
15724,6831
3026,6533
8899,13836
4273,6831
15156,7006
16097,21485
14354,9809
18107,15450
13429,13836
14193,16240
15101,24171
14296,17611
19654,3202
4875,21734
12884,18302
19173,6831
12552,14947
21855,9036
1248,19196
19886,21803
9404,5897
4464,20060
8231,24156
21286,18270
24054,12379
17646,2099
7433,8033
5521,5130
19962,5130
24730,5130
24947,5130
6881,5130
12222,5554
19909,5554
19574,5554
7527,25372
17247,5554
22829,21965
15106,9078
22475,4956
2367,5554
3314,5554
20035,5554
1479,5554
157,5554
8884,21965
599,5335
6024,5554
14773,21965
735,2236
10537,16240
25301,21965
15056,17046
24796,4115
685,12379
13615,12379
4907,9800
19466,3385
16947,10137
16947,3208
16947,23430
16947,19884
9634,22024
7804,21965
22397,17319
5770,22767
17134,8336
21074,2502
386,5061
9159,21965
8240,22777
15300,15632
15300,4597
15300,18444
15300,21965
1146,22777
9248,24001
919,17682
11935,19052
11935,21965
11935,14430
11935,1910
3446,21965
14238,1162
20521,21965
2640,19600
6997,21965
19092,6519
11609,21965
6308,20672
20378,19519
8,6999
3150,7239
10284,19519
17633,10913
8635,3527
8635,22720
23169,4392
14198,21965
24597,1699
20575,6533
5560,21965
1397,1798
5329,21965
17501,12736
21072,17610
22028,8600
1436,18130
15515,25459
22186,6533
10697,12952
21096,6533
1603,9521
13065,6533
7858,16757
6297,571
3542,21678
1712,6533
15525,2631
13536,20023
1520,21965
671,21965
6477,6750
20788,14830
7432,6533
13787,16240
11525,6533
8428,6533
20879,16240
2061,19798
16256,19078
4080,2631
20286,16240
9969,24932
5721,58
4391,21025
7936,11963
6423,18568
14435,24630
1244,21061
3559,9764
20286,16239
10528,4666
3817,21965
10109,6533
23352,2631
10367,16757
24227,15897
22182,5554
9901,6148
21181,11145
4202,21965
16928,10773
10656,8862
1958,1700
14327,17107
7208,15184
7208,12896
11595,24
16254,18647
15996,15027
15353,1218
15220,21965
22912,21631
23050,86
4464,20060
15982,21965
22385,11608
1743,2614
14658,14878
244,16367
24121,10775
13006,19128
21391,21457
24644,3550
13615,20481
22383,5130
22492,5130
19069,343
7602,9973
3996,21987
3350,21965
8884,13179
15185,13095
3350,7314
3350,21130
6007,23738
3350,11182
4145,20348
4145,21965
20561,6533
7527,15224
17117,14819
20154,6533
22021,15421
1088,21965
13508,1732
6026,3691
574,21965
11674,9102
7643,21843
14482,12379
15149,16957
10332,5512
1913,14830
5445,6314
21723,19175
6283,11995
8240,12379
1146,12379
1310,6809
1310,12867
1310,21965
1310,20973
2640,19600
17633,10913
3066,17007
17633,10913
15060,15737
7187,16816
12043,16816
24672,5130
18111,21135
17090,21965
14148,21965
23169,18346
16396,22777
17896,15103
6201,13759
6427,24
6065,13170
20286,6000
8495,5554
4518,12125
4312,6533
2212,7988
21214,6533
11599,24450
17953,22912
19609,15
22271,101
2429,17219
18000,617
3929,15
18041,7902
15540,24
12375,6533
9782,6533
9621,4823
8962,13006
7056,18346
9947,6533
21329,10409
7016,21965
11698,22912
23453,14367
23163,13753
19538,13753
4274,13753
19538,23290
17820,1699
6428,21965
21234,21114
2450,21715
24445,21965
24100,21965
16928,11585
14719,15419
20702,33
5419,21965
1584,8652
4464,20060
23853,12365
1744,9811
21522,14943
10762,5130
9254,5130
9575,15346
5645,21177
19792,6533
8884,12902
1942,10447
792,17546
11907,24242
22196,3331
3350,23431
22475,7314
8992,15506
15185,16661
4145,10881
3350,12685
3884,24832
10310,12379
7275,10881
6026,3691
19633,1732
23844,1699
7413,12379
19466,2085
3393,12379
19466,21217
19466,5540
4907,9800
14482,17107
16947,12471
19466,9976
19466,15171
13615,12379
7562,33
3985,12641
15832,24186
10160,21965
11475,3957
19405,5897
22617,16240
2640,19600
23691,4386
17633,10913
14719,15419
3150,23116
13485,6533
22270,5522
12806,22758
1323,5802
24163,15
9997,11316
15546,21965
13158,5130
17644,13077
3743,5365
14021,21965
12983,9307
553,6533
20114,6533
10664,7905
25144,2547
1434,20661
14848,17553
20399,13759
8747,1699
3972,17334
810,22758
5422,10650
20567,22777
14939,8019
3200,8730
4891,9088
17651,14971
1931,7474
2262,19519
21671,5554
7700,15
21706,16240
21953,6533
9261,16346
11430,21965
22122,16361
14652,22389
5869,6533
13076,15176
3984,7474
23684,2
8504,19200
8253,15
2619,6533
3897,20959
23652,14228
14979,6533
1431,6533
18558,6533
15976,15958
24424,12379
5504,16240
14930,21965
296,6533
13450,22313
15246,23741
11289,17487
23313,6533
17072,18270
3188,3846
17545,1699
15175,1699
18889,10827
3569,1699
5608,1699
12697,13753
15614,15343
12697,21965
21181,22856
5091,21965
10546,4263
1561,4813
14720,3522
18572,7182
18232,725
725,7016
7116,5460
7444,21965
24644,8645
23800,8645
4279,20968
4464,20060
24810,21965
21268,21965
12014,20968
16607,23369
19405,15720
9575,6533
24731,21965
1744,9811
11145,12379
14319,5130
4941,18130
6762,23013
12083,21965
7677,21965
9708,8033
16624,23013
8033,16981
24054,12379
17695,759
155,5554
4311,21965
1283,15103
1283,22390
24811,23690
14831,6533
24811,24228
8884,21965
12745,10729
10255,15498
22475,21965
20956,21051
22408,22603
16003,6533
15333,18270
10537,13697
14214,24554
2113,1699
20489,9430
19466,24441
20001,15076
9361,6948
19466,4744
19466,22141
3393,6623
16947,4258
13615,17107
19466,5715
7413,11424
19333,13364
18808,12379
7614,21965
17112,21965
3185,12379
24699,19977
20904,12379
17829,7172
4990,5897
14456,12379
2051,10371
14368,22777
2640,19600
708,10705
21984,3561
8635,1213
8635,20461
10615,25447
7564,7822
3004,15103
22644,15
19670,2867
10137,17610
4835,4182
7000,7474
6767,21965
21995,6135
21217,17368
7541,21965
20506,24266
23483,9622
19729,8218
21942,18336
20941,6533
22678,22758
20611,12032
5234,6533
18589,6533
10697,12952
432,6533
15955,20827
4774,1237
6864,9022
4891,9887
12514,12641
8227,6533
5991,4272
1677,6533
4823,24
16271,2631
1174,12241
18070,6533
20393,13192
13061,6533
20788,6533
3817,21965
16341,2058
3639,17662
19305,20275
2557,22080
15258,11727
15374,5130
1321,15
11423,19010
23483,23500
16467,21965
9024,19519
24495,3492
15005,12641
3077,12022
7525,3077
2158,21965
4068,21965
4464,20060
4990,1433
20904,20450
8065,17662
16643,21084
792,6533
22475,10790
22196,21965
3350,21965
15185,13899
10304,22390
21536,21965
19594,21965
8884,5970
3350,16240
4145,6962
7527,6193
4145,7314
4145,21965
13389,6533
24367,1799
23191,21987
17055,1569
7739,12162
19466,1172
13291,24152
17251,12379
24719,21233
19466,2920
3990,21965
16583,12379
15176,12379
19466,8076
15197,33
6158,10881
6306,21348
19333,12379
3380,23978
5000,7314
22397,6533
13988,2502
9287,14830
5445,6314
100,20599
14819,20599
21844,11492
14368,12379
14419,19519
779,33
2413,19519
2640,19600
14439,3169
708,12379
12957,4365
3150,5792
17633,10913
9255,2149
23994,15257
2980,1344
8635,21965
8239,25451
20936,20534
18113,21965
21731,2631
5987,5554
24907,19188
15534,9405
10664,7905
7102,19479
17019,7887
9208,5130
14216,21965
5608,22761
10109,17744
9603,16240
6741,15
20142,337
20526,7807
17380,15
22565,15
2061,19798
2082,60
25466,6533
4626,6533
20406,6533
10310,6438
12541,6533
9901,15126
9314,2
1029,9310
21473,7620
1650,21109
13218,2631
19738,19519
10661,2631
15246,9764
212,9041
11941,6
14533,5554
25457,16366
21631,656
12003,6148
2270,542
15525,17610
6050,9670
13244,16635
16325,19519
23483,22869
486,683
4891,9887
19208,6533
1584,11410
10932,22390
9907,12379
22182,5554
6118,1699
18787,19527
17820,1699
10082,4529
21126,21965
6055,759
15328,2
18476,6127
763,17309
17014,14510
9599,18332
4664,16772
23601,15712
6753,11685
21462,17744
14132,4266
20110,7377
4225,6820
5101,20084
8231,1941
21566,17845
2986,6533
4464,20060
2966,4778
11839,7620
17469,17305
12014,20968
7373,17845
25110,6135
14200,10881
4068,21965
24872,18986
25309,12162
20932,15486
19281,22390
7444,21965
16651,5062
12472,5130
5744,5130
23580,2688
19507,5130
6762,19519
25071,21987
19348,21987
3350,15103
3350,21279
22475,21965
8529,22390
3804,22777
17011,21987
23508,22390
2338,21987
1352,19519
6618,21965
13955,21987
6520,9887
1589,8273
11813,6533
1200,6533
11813,18986
16593,8033
12469,15027
16700,17046
10336,17965
17547,1732
18738,9234
13077,23860
18399,8273
15076,21965
12492,13364
24719,2015
14469,12379
17001,21965
6129,10610
19466,20126
3076,21965
19466,7528
4907,9800
11041,16346
15239,21965
5053,33
17251,17498
24719,13926
22371,22183
14044,589
9954,13189
18667,20143
3077,18419
16661,12379
17829,6632
1146,12379
15300,13202
20537,11935
11935,8277
11935,469
11935,2052
20098,23726
12593,19440
22257,5130
2640,19600
25120,2775
17633,10913
11609,21965
6997,21965
3150,10892
553,6533
10615,25447
24597,1699
23805,7901
10149,15
10850,23266
19780,14152
5815,1699
2694,8196
19214,12641
24342,21965
13330,6533
6730,5554
13746,6533
10807,15862
11133,15
7016,21965
19130,15343
2681,5554
21360,21135
22983,22912
11044,17610
20304,6533
3875,5130
11289,17487
21625,14903
17875,8580
12292,16000
17869,17610
14490,17319
24843,3795
11394,21890
5819,5554
6065,14803
8999,23477
8008,15
17544,18472
16679,17069
3108,5554
14533,22758
24915,18568
10148,13006
4312,14107
20398,20827
13691,20902
23483,16732
19225,15706
17582,13388
1093,6533
23597,24555
12583,22450
20068,25374
9190,6533
12241,2
21905,17610
5625,21965
1341,22758
9013,21965
11685,2732
3208,4825
7573,5320
5240,15103
3550,17128
16607,15143
23197,6533
15355,21965
13006,13669
8296,23536
7822,23536
4737,15103
815,15103
3240,15103
8326,15103
14719,15419
4464,20060
12187,15103
15360,15103
2460,15103
9231,17128
5512,17128
18103,6533
1245,5130
12109,5130
18212,5130
17806,5130
16608,5130
23935,5130
1744,9811
6881,5130
10406,5130
19762,5130
15185,21965
8884,7833
22475,21965
3350,19940
8884,21965
15185,24085
2431,6259
4145,21965
6007,16772
24061,12720
7527,16036
4145,2893
20100,16388
3350,24923
3350,18955
2596,21370
23957,33
16435,619
8884,21965
23364,14830
23365,14582
14706,8161
1072,12379
6493,8400
12492,12379
25241,21965
5445,6314
6032,20722
9171,16772
21070,4340
1476,3204
3150,12927
3150,9287
18546,22520
16896,15
9925,17610
2444,16240
9307,15
25519,19253
6668,16240
15935,19519
23577,22246
3766,2631
12211,5454
17580,5130
13926,15
20959,617
12327,12954
5557,21965
8164,12617
14825,21965
14198,17124
14198,4724
14198,5640
6483,10709
19670,2867
14848,22390
25441,21965
20286,16240
21909,15343
23993,6533
9961,21204
7764,617
22042,3742
24681,14549
14979,6533
23313,6533
11310,17610
17093,6533
18899,4761
8504,6533
9762,21965
9222,15783
11668,6533
3267,3327
1239,15
17056,24266
11003,17356
16189,2
2509,5554
11631,5554
13185,2179
20890,6533
24342,16240
444,15368
23483,6849
18061,22396
13460,6533
18327,5554
19814,1147
15224,14739
19662,15036
14533,9442
20219,15
5715,17610
16325,19519
19738,19519
7507,2631
4836,6533
4891,18792
13218,15
11313,8139
23179,14830
25051,21965
5540,17610
16824,32
14569,19519
23616,22912
19672,10818
12308,21678
6028,24886
2749,19332
527,3074
7301,10433
10580,12379
5934,16240
3696,5130
5622,7620
3514,1699
15175,1699
19635,1699
22065,1699
23492,10881
6082,21965
7325,17662
10064,21965
16993,17368
1941,8604
25397,21965
4464,20060
9620,15419
14719,15419
640,12641
14318,6533
15333,18270
24731,19666
18154,7241
1744,9811
89,12379
22265,8033
7208,4218
13413,5911
17628,16388
9388,21965
22475,21965
22475,16780
4145,10715
19367,21965
4145,21965
25109,6533
7539,6533
24902,5755
2236,12242
23983,12379
4694,12379
18926,12379
15239,21965
19466,11234
24719,3490
12793,16240
12833,411
15176,12379
19466,10778
11989,12379
19466,10124
3990,21965
24719,6705
19042,12379
5578,22713
9287,1700
5445,6314
3504,13213
17829,19556
19405,5897
15300,22686
11935,21345
15870,21965
2961,21965
20733,12379
2640,19600
9242,9102
21411,17150
16583,12379
8892,22402
24407,6533
15476,19671
1474,6533
20599,14866
22902,6533
20012,21965
20114,6533
17848,21965
14853,2631
16230,19947
9697,24288
10831,2631
17544,18472
21016,21912
1910,5554
23483,17423
24318,24873
20857,19010
16397,4293
4312,6533
24424,569
6996,6533
20075,14149
16244,5554
19990,9179
20249,6533
22141,17610
1172,17610
24653,24
17675,4090
6282,6533
11328,16240
19694,2631
25520,638
19634,17610
15258,5547
21591,20459
1630,2718
21473,6533
4985,15368
18437,23796
23483,14013
4637,22170
10816,19639
3817,21965
1247,11954
12546,13726
2045,8329
24871,22977
21578,13753
2845,13753
7377,725
13189,725
22504,11378
9492,306
6055,759
1199,21965
4984,1699
9620,15419
5321,21965
14719,15419
22692,21965
4464,20060
16226,13512
20879,8948
11296,12379
16583,20481
20465,7071
19042,20481
13088,5130
10569,8886
7527,23707
2431,20573
22475,15103
17318,20700
4145,3461
22475,18206
22698,19024
17811,2431
8884,21965
24811,21965
3350,7314
17318,21901
17318,7448
23273,13254
2257,10709
15185,12076
11067,15103
24811,3676
16737,13649
22475,21965
17318,23267
2431,20846
24101,21965
14459,6533
11308,17507
14706,8161
23431,3211
18738,9234
11041,1525
24719,9717
24719,6260
25055,11528
19466,17170
7052,12379
18600,8169
19817,12456
12016,16240
6032,21965
13358,24371
2640,19600
10663,9966
17633,10913
1197,17368
14057,7474
9825,21965
11326,5554
2864,4299
2472,16428
3765,2631
15715,11794
6483,6135
12090,5554
23707,8948
16600,17610
4835,4182
14198,5147
11135,15
5585,5130
16986,17610
13324,5554
9218,24
2028,15
326,24250
22781,15
2217,1795
7915,24968
8653,7474
8196,21965
9120,14855
3607,22642
24540,6533
17904,19870
11394,6349
10503,15
23684,17194
2028,2631
23483,23041
5336,8161
8044,21965
21625,3301
13536,13670
14930,21965
11289,17487
10268,6533
7127,15
17929,23796
24501,11639
8797,19900
20972,7474
19305,7773
11599,24450
24406,6533
10124,17610
24816,20056
22039,12857
21764,21135
19819,6533
17670,5554
16537,6533
16324,6533
13646,6533
3607,2176
4941,15368
13990,7474
9501,6533
23913,12574
12590,15
8747,6533
2061,22752
4253,17662
4337,24
11452,15
14478,4089
19406,22156
20142,6533
21335,22758
20072,13006
11953,22777
23379,21965
14275,20793
14077,6533
22972,6533
8362,21965
7172,2
10282,19016
5189,21965
9058,6533
2984,19251
16308,21965
16308,21965
16308,21965
16308,21965
16308,21965
16308,21965
16308,16240
16308,21965
16308,24828
16308,21965
16308,21965
16308,16239
16308,21965
16308,21965
16308,21965
16308,21965
18816,15257
15257,1771
16670,17514
207,15257
15914,15257
11808,12211
23448,9043
18339,12211
21580,4607
15257,7268
13496,15257
7143,25097
11841,6533
7143,25097
7143,25097
4202,21965
15257,23792
15257,21965
7143,25097
17333,5130
15257,514
15257,16240
7143,25097
21585,10930
24799,22777
15257,6537
13857,21552
7143,25097
7143,25097
18601,12379
1341,9442
14561,9734
5655,24748
8104,21965
4464,20060
7143,25097
15257,10881
15257,3741
7143,25097
7143,25097
16631,21965
16921,23898
22044,5130
637,5130
3972,5130
4226,7810
9976,5130
19807,12379
17633,10913
702,8033
13233,6533
23963,1160
22475,21965
4145,21965
23518,4125
22475,3097
22475,21965
3884,23512
20152,6555
20152,6533
6178,21965
24811,21206
25486,21965
3350,3947
7527,23309
23297,22452
6577,6533
3725,21965
3884,16232
7368,2688
15995,7887
24902,5755
20662,22590
13011,22912
12833,12379
10067,12379
16947,6855
14999,12379
24719,22423
24719,24425
11041,20348
12040,21965
16947,2245
16947,21116
4907,9800
398,10709
20518,12379
23983,12379
16947,20318
16947,8907
19333,299
1098,12379
10302,5952
18738,9234
21726,21965
12242,21965
2393,23914
20411,21965
20904,12379
2230,4731
5445,6314
2739,5897
19824,5897
2640,19600
17633,10913
3150,5792
7720,6533
22418,2631
10615,25447
23653,5130
8239,25451
10907,6533
19884,17610
16159,18402
20126,3797
1795,16240
25256,4196
10588,5130
17690,21965
17950,20231
1910,22758
5244,18606
2023,7474
9626,6533
12134,9442
20857,1013
21933,12897
23483,4270
23146,22424
18792,22390
20885,17610
3234,7474
21195,11053
7016,21965
5085,6533
1170,6533
16981,6533
11337,20088
13061,5676
8509,16240
17324,19798
2299,4196
20212,20957
24034,2
11668,12379
5520,8886
16189,19519
1078,15
18589,3327
18901,15
21759,22686
10739,17610
23712,6533
25510,19519
20899,3201
18899,4761
1658,2631
296,6533
5043,21965
4258,5554
2422,20815
17832,15257
7331,9887
15257,16487
486,9887
15257,21965
11685,15335
10230,14386
21084,21965
725,13038
20428,20875
19824,20139
6217,2671
19094,4893
15006,21965
9778,20404
8231,20887
12184,17128
4464,20060
10404,5897
12184,17128
15327,5365
21016,21912
20415,151
20415,7902
16921,22390
2920,5130
13550,5130
15133,5130
13912,16240
25345,23013
7208,844
7208,15890
5189,5630
5054,3165
22372,20244
8884,11220
22475,16346
18852,6533
4145,5431
22475,9273
11813,6533
4865,22390
8281,21965
4564,22390
4145,16240
4864,17546
23159,20320
14714,13921
151,7902
10537,13697
8422,4299
4444,1732
13855,15225
5325,22831
5325,7620
16947,13706
24719,104
19333,12379
16947,3998
2393,6788
16947,20041
16086,21987
2870,12379
24719,24739
1098,12379
18331,21987
8678,17079
17932,21965
17143,20968
7989,7474
11649,5897
8327,5897
15026,12416
11935,21965
11935,21965
16035,21965
2640,19600
20633,16905
6997,21965
23259,20786
19321,16905
17633,10913
25437,24244
1083,13496
22645,21965
4957,20619
12519,20619
19423,20619
10515,20619
15549,2631
1799,24367
1690,22912
12292,6533
16731,10894
3036,10590
11599,6004
12018,6533
14533,15964
1569,6533
5990,20619
3141,20619
8183,16252
21487,15
12706,4196
15354,15
12262,15706
21689,12379
21048,21965
17670,22758
19966,21965
24799,1699
23062,19519
9331,8033
4464,20060
2926,19673
11839,9158
17794,15066
13007,6533
22912,10221
13006,3956
11649,24770
20016,5130
19333,20481
1744,9811
16921,502
13669,5130
18154,725
23365,14582
23365,14582
12242,2236
15185,21965
18283,4719
22475,17392
739,12946
24811,373
1942,13942
10573,1756
17628,16388
1875,21965
4145,10694
739,730
3350,12896
8665,5952
24811,11942
24061,12720
2431,838
7527,7880
3350,16240
8884,21965
17571,22713
19376,12163
7367,24371
4907,9800
3734,12379
1011,16428
2870,11424
16947,14243
12492,299
23410,12379
24719,6862
20815,12379
21843,21965
17076,12379
9221,15419
5445,6314
2640,19600
17633,10913
10663,2372
10663,5792
4711,9102
1696,48
20605,13753
10030,6533
2415,5130
3588,21965
19670,2867
6193,7474
2922,5554
14261,7474
6410,1699
15574,7225
1030,25063
9307,7474
11886,21965
15266,17439
268,5130
13437,21965
16159,6533
14198,2127
3637,15206
10850,18284
2939,15
12966,6001
5630,23258
19334,12211
23134,12211
9381,7474
22215,4264
9848,13753
25256,4196
4854,21965
17544,18472
3927,10818
1819,7474
1727,20
9143,2
23701,15
24919,8336
23484,6533
10393,12618
1213,15
622,19519
2299,4196
1235,24
10846,6533
16618,11712
5989,21202
8558,16240
22152,15
23690,17
23353,5262
10398,24873
23483,2656
17499,7810
2029,5554
5118,4196
23483,6063
21300,5726
4550,5581
9042,4493
19992,19798
24424,20061
8362,21965
23483,21027
9787,16240
1649,21135
19305,18615
7103,22912
24801,2631
18341,19759
20544,13036
24827,22993
3992,2502
24318,22389
13185,6533
7858,16757
20506,24266
21625,23510
12128,5554
10526,4813
21342,8400
20008,22313
15195,13174
17913,8048
14519,24519
9498,22389
10807,166
8343,6533
12762,16240
4661,6533
14666,6533
723,21761
15420,15
18070,20840
6282,18406
10321,1746
23179,6533
23913,24841
15895,2631
24681,14549
22928,21965
7895,13701
16308,21965
16308,21965
16308,21965
16308,21965
16308,21965
16308,21965
16308,12650
16308,21965
16308,21965
16308,21965
16308,21965
16308,21965
16308,21965
16308,16240
16308,21965
16308,21965
6296,16744
4928,6758
4928,13753
10465,25049
5937,13753
20312,22305
21181,9713
8820,17368
8954,3050
23512,8645
20973,5130
15747,21965
21016,21912
19676,21965
4464,20060
2176,8645
8428,18130
16921,12249
25308,5130
3385,5130
5799,16240
3433,20977
20931,16240
12275,20977
16368,21965
20608,21965
1165,24335
11554,21965
14612,21965
189,16240
8647,24335
19183,20977
1073,6533
3350,10632
8884,18870
15185,22350
23895,22390
8884,9921
9022,19760
12826,5143
15185,19371
13933,21965
4206,5050
7527,1232
3350,18991
4864,6533
9862,16690
4329,9248
19807,12379
10336,7690
25339,20463
25339,3400
3553,7821
15855,12379
12492,12379
23410,1395
14632,12379
14226,12379
24719,23638
16393,16346
16947,6027
685,12379
16947,23505
21245,21641
17523,190
9149,2603
1701,48
14719,15419
18062,2507
2372,5897
15300,21965
15300,22741
21627,1486
17450,5481
1310,24180
1310,18047
14158,3592
2640,19600
5728,12379
9567,12379
3670,12379
17633,10913
21596,12379
17633,10913
10663,23299
24276,13753
9080,23942
9997,11316
7499,6533
7583,21303
6398,15
7725,2631
24276,2664
18363,22390
9733,21965
7471,13753
14913,2
17066,24420
20911,23509
22819,16240
2815,772
14490,6533
21688,12874
16189,12296
6027,15
15205,6533
9495,5130
23483,9861
4660,6533
22423,15
19933,17610
16537,6533
921,6533
13475,2631
17069,7474
22875,14603
13637,21965
13646,762
23483,23233
4709,2631
18025,20912
14704,1850
623,6533
4349,19554
4448,9734
21966,5554
12173,17610
17670,9442
20539,2631
9101,18130
21316,15103
5206,2
22042,3742
24112,12379
8719,15
10531,13323
19946,22137
19587,21835
1341,8730
2605,14830
1709,6438
8601,759
293,1699
7280,6533
15175,1699
4202,21965
12041,22043
20839,22777
6854,3558
3436,8964
11595,4196
22468,17610
25309,12162
6809,5130
7616,12379
3509,21965
5655,24748
16424,16240
19940,6533
2372,11639
15327,21560
9079,16617
13006,22145
725,16837
9602,23744
16643,12185
21423,8033
685,20481
1744,9811
11070,5130
4744,5130
2390,1074
6705,2
7208,13096
7208,21965
22698,6533
4711,18472
22475,19785
7527,24521
4145,21965
21914,5554
2596,964
24811,14749
4145,17687
22475,21965
14272,3761
9042,18472
2732,21415
7004,5737
22747,6822
23983,12379
15239,21965
14029,5481
12408,12379
21596,18472
17149,12379
11919,6948
3670,18472
5728,18472
9567,18472
7100,12379
24869,5481
20549,20442
4831,18866
7206,3360
22397,6533
23477,20599
5445,6314
5690,5897
24602,21965
14419,19519
2640,19600
25530,16240
512,21965
17633,10913
555,22664
10663,5792
22999,133
14719,15419
3882,15103
25292,5554
10615,25447
4835,4182
6975,993
21823,4677
23258,21965
3857,21135
13609,4196
4136,7887
20410,21965
7858,16757
25044,16234
7121,6533
17324,19798
16981,12894
25493,15
17904,21106
3512,5554
24501,6533
17847,15
24996,16122
9787,6533
22354,7474
23443,11350
1910,9442
7434,21965
8253,18568
21473,6533
4635,19543
2555,12576
14752,22758
15316,6533
14569,19519
23483,15924
16880,13133
22122,7863
6968,13357
8733,17610
913,2631
15487,6533
12389,9521
17228,8260
23483,5616
11668,3938
5336,8161
23913,6429
6282,9414
20143,6533
21689,16707
3914,7474
8139,1699
7444,21965
22565,5130
12241,19519
80,1699
7311,25293
17640,25426
17640,2573
19807,12379
11833,12379
3518,5130
4464,20060
18242,6533
20729,5901
21016,21912
18679,16346
18885,25374
3775,21965
20508,16389
11684,20141
23853,15165
11016,15654
5462,22908
9077,8006
17450,18472
17987,8033
8399,8033
1149,5130
350,5130
23638,5130
10770,5130
20618,2688
24238,5130
24401,7994
24401,17744
22326,24401
24811,21965
8356,8336
15185,171
16003,66
19145,15233
4145,4474
3350,12641
4145,16240
8884,4855
2235,12008
22196,21514
8884,14570
24811,18047
22475,288
22475,21965
7527,18510
22196,13316
3350,16739
21995,5186
2553,19979
14029,18472
5737,24371
19813,16240
4724,2727
13255,5510
4601,9052
18738,9234
24140,21761
23658,21965
24140,15103
24140,9336
13291,2770
20001,20111
19333,16098
3939,12379
24719,23433
7035,12379
4907,9800
6129,16346
16947,15125
3990,21965
8834,19768
7791,15103
5445,6314
6697,21977
92,18866
5457,1015
2640,19600
19502,133
25120,22599
22284,12379
17633,10913
25437,23627
8239,25451
21627,4761
22823,24873
18864,19519
23061,6533
19984,22156
22423,2631
5625,21965
5625,21965
3146,19519
8445,13759
4464,20060
1115,15103
22293,305
10251,19519
16821,5130
615,11402
21914,5554
17628,16388
22475,21965
18852,6533
15441,6533
11555,24492
22475,6860
8884,21965
4145,21965
3350,16018
2596,26
15185,25400
14430,6533
3350,8957
2048,7474
21081,6691
10708,13110
23258,5630
9456,16240
6064,18828
7004,16605
24902,21455
22402,3755
23365,14582
11788,23742
18738,9234
18537,12379
24719,20455
16947,21745
3939,18472
24719,11279
7035,18472
24719,16112
19333,12379
16947,6967
24719,5590
6493,6533
22284,18472
19987,21965
19987,21965
19987,21965
19987,21965
3554,21965
11935,6788
11935,15341
13502,12379
6630,1353
2640,19600
17633,10913
11609,21965
6997,21965
8971,12379
160,12379
12720,21965
22802,9102
5311,9102
110,9102
10429,9102
1733,9102
3431,9102
21241,9102
10663,18167
16929,9102
7520,9102
13043,9102
22760,9102
8553,9102
24184,9102
21555,9102
9121,9102
10172,9102
16086,9102
13352,9102
20767,9102
23191,9102
2602,9102
19563,9102
21163,9102
22517,9102
552,9102
18331,9102
45,14441
20775,9102
20906,9102
19025,9102
17011,9102
2183,8040
21107,9102
3996,9102
20629,9102
13955,9102
25071,9102
13140,9102
14847,9102
4461,9102
23416,9102
14312,9102
11108,9102
19348,9102
2338,9102
6746,9102
24303,1699
12953,12379
7132,6533
3713,6533
15471,6533
296,6533
12365,13201
13662,6533
8295,6533
19352,6533
21247,6533
24871,6533
16690,413
4894,12379
23837,23914
14708,18209
17755,18802
16379,18802
970,18802
6637,24905
16081,18802
24077,18802
4997,24905
9429,18802
21088,18802
3021,18802
4155,18209
24541,18802
17791,18802
19169,18802
14213,18802
10299,24905
14530,18802
21772,24905
13406,18802
249,24905
4995,18802
22889,18802
15769,18802
21086,24905
21694,18802
10920,24905
18182,18802
20448,18802
23100,18802
6766,18802
24539,18802
7674,18802
12096,18209
11004,24905
10442,18802
5155,24905
22116,18802
15723,18802
18451,18802
14209,18802
24316,18802
13839,18802
23070,18802
14873,24905
20566,18802
2274,18802
14304,18802
4236,18802
5096,18802
21140,24905
1557,18802
186,18802
13405,18802
10937,24905
10135,18802
670,18802
1472,18802
15283,18802
5832,18802
18548,18802
18190,18802
23108,18802
8870,18802
8750,18802
12980,18802
17503,18802
8286,18802
6329,18802
18773,18802
10934,18802
9793,18802
25498,18802
25223,18802
11318,18802
1257,18802
5830,18802
11415,24905
13664,18802
19547,18802
21291,18802
9209,18802
7379,18802
11519,24905
15551,18802
23516,18802
17161,18209
6842,24905
3171,18802
11901,18802
20116,18802
23351,18802
19916,18802
23870,18802
15676,18802
11226,18802
1458,18802
19926,18802
8034,24905
4023,18802
20464,18802
5906,24905
16482,24905
12258,18802
7228,18802
11092,18802
14978,18802
21133,18802
11400,18802
19844,18802
3187,24905
9844,24905
20032,21965
5073,18802
11158,24905
4653,18802
25344,18802
16110,18802
18779,18802
17654,18802
1123,18802
14180,24905
16982,18802
25310,18802
14385,18802
1292,18802
18707,18802
12543,18802
19356,18802
16253,24905
7909,18802
3615,24905
17289,24905
10782,18802
12535,18802
24055,18802
6913,18802
10407,18802
8141,18802
5040,18802
22639,18802
19364,24905
2967,18802
112,18802
4814,18802
1492,18802
21956,18802
5710,18802
10408,18802
25255,18802
17245,24905
18756,18802
12569,18802
13756,24905
17004,24905
12588,18802
10270,18209
2988,18802
25479,18802
18539,18802
17861,18802
17177,18209
1606,18802
4449,18802
9737,24905
9725,24905
20615,18802
6396,18802
24788,24905
19989,18802
6003,18802
24022,18802
22457,18802
20375,18802
24960,18209
24470,18802
12394,18802
7130,18802
11677,24905
4583,18802
17137,24905
356,18802
23688,18802
6736,18802
6627,18802
8648,18802
9455,18802
19733,18802
2942,18802
9386,24905
19709,24905
22085,18802
24248,18802
5776,24905
4363,18802
21256,21135
20603,18802
9843,18802
10090,18802
1014,18802
10895,18802
5179,18802
9066,24905
25377,18802
16963,18802
10520,18802
7911,18802
2024,18802
2373,18209
9356,24905
2210,18802
12164,24905
23507,24905
15484,18802
340,18802
19254,18802
21970,18209
20451,18802
25131,18802
18143,18802
18979,18802
25463,18802
13575,18802
9710,18209
5539,18802
14514,18802
1558,18802
2741,18802
16294,18802
13397,18802
3634,18802
9827,24905
16314,18802
9842,18802
22657,1699
17174,1699
7226,21135
8792,12379
131,17610
2886,23873
20352,23082
13266,1554
6567,24636
6731,12211
4202,21965
24544,16240
2025,3249
16308,20660
16308,21965
16308,21965
16308,21965
16308,16240
16308,21965
16308,16514
16308,21965
16308,21965
16308,21965
16308,21965
16308,21965
16308,15103
16308,21965
16308,10890
16308,16514
20839,1699
17014,6062
10957,6062
17193,6062
14339,7620
5460,16240
10251,6533
8108,8360
2737,4229
15257,22593
5630,10029
17055,21965
4464,20060
21206,8855
25173,12379
2986,6533
3437,10634
17409,12379
11368,21987
3334,21965
6624,6533
9876,21965
19276,23270
3046,24369
19813,5421
10672,19519
7225,725
13692,6566
725,18154
1341,11518
596,5130
160,20481
18537,20481
2662,18130
25056,21965
19664,15973
18584,10759
7527,6191
6007,16772
67,8650
22475,21965
8884,11240
4145,15103
13933,16388
19411,6533
13942,15159
4145,7848
22475,1951
15185,6286
11642,21943
15304,14628
4145,7314
22475,7314
20956,16710
25252,10634
7208,21965
7266,12379
6045,1732
24719,17422
24719,13683
8971,18472
13651,12379
19333,12379
13502,21457
24719,4458
20111,21965
6992,8033
16605,24371
23365,14582
17409,21987
25173,21987
15005,5949
16899,7902
4983,14139
922,12379
16633,12379
2640,19600
14467,10881
17881,1588
45,14441
16580,12379
14928,12379
17077,12379
11945,12379
4140,12379
16630,12379
10469,12379
937,371
2617,12379
18507,8040
14992,8040
14159,8040
20323,8040
24499,8040
6249,8040
11848,8040
18940,8040
22241,8040
22885,8040
3150,7239
12126,37
20724,22777
25289,6135
19727,6533
25174,6533
20232,18986
1527,15
14198,1776
19670,2867
14891,21965
10850,18284
14198,21965
22902,6533
3637,16240
25100,18346
3637,16240
5211,6123
1446,21965
24804,21965
13127,21965
22645,21965
24521,17219
10915,2261
19885,5618
10807,23227
17974,2631
5446,5051
19819,6533
24176,23699
22122,17500
14951,7474
1164,2
4692,15
17228,8260
22423,21135
20921,16240
24447,12641
11627,20773
6027,21135
12134,14090
17544,18472
14186,13258
15980,2
21688,7559
13740,17610
18916,5119
7016,21965
8728,16240
10434,2631
2228,19519
25296,22912
2840,12641
25189,2
7409,507
14307,2631
12015,2970
2836,15
7332,17610
5359,2631
3599,6533
24693,1699
14684,6533
16638,19798
12076,22047
24198,10644
20008,1414
21360,17610
25510,19519
13993,10898
17124,6533
24323,6533
5085,19798
21260,15
11365,8555
22213,7274
1154,2
6862,17610
16529,15
5145,2631
12697,10881
2429,17219
22151,2631
8362,21965
20514,24491
3512,5554
13267,5554
15385,6466
20916,18284
8409,15
6022,8129
22186,12641
25505,4196
6693,21563
17320,18145
674,6533
16592,18130
3036,23904
4281,6533
6027,2631
8116,4050
11625,14505
12450,21965
1857,19519
22583,7529
14116,2
23484,6533
17772,13357
10797,9146
23483,26
2946,2093
20552,18495
15672,6533
4822,3742
7434,7425
5552,19877
16897,6533
22757,21965
4459,14367
4804,21965
2749,19332
4359,21965
10465,25049
3937,17662
11889,1699
1989,1699
6288,1699
7004,9187
4365,14031
24902,21455
5356,6533
18926,25086
18940,21987
14159,21987
11848,21987
4464,20060
22885,21987
14992,21987
23971,21835
19738,5130
8377,3638
8277,5130
16325,5130
1744,9811
10251,17107
16980,15635
6260,5130
1086,1592
1051,6518
8884,24734
13933,21965
14847,21987
13352,21987
15185,6507
16373,19519
9121,21987
10092,13393
3996,21987
2289,6533
20535,15
7520,21987
3350,6208
3350,7314
6261,21965
4831,9063
16857,6533
7232,21965
841,2018
5054,3165
11041,18955
13651,20007
17077,21987
11041,24594
10469,21987
3393,12379
12529,12379
11945,21987
16947,9433
4461,21987
16630,21987
2617,21987
16947,14245
5714,12379
4907,9800
16947,20273
24480,12379
24719,9757
16947,4654
4140,21987
14928,21987
24719,6796
574,12645
2236,17502
9221,15419
19674,12379
19473,2904
7458,16262
20629,21987
14312,21987
22760,21987
3431,21987
10172,21987
19563,21987
13140,21987
8553,21987
20767,21987
21163,21987
552,21987
19025,21987
15300,15426
22281,12379
6347,12379
23416,21987
1310,23566
24184,21987
1310,13808
1310,16346
5565,12379
2640,19600
8319,21965
1368,12379
11112,12379
11108,21987
13043,21987
2602,21987
22517,21987
20906,21987
110,21987
21555,21987
21241,21987
6746,21987
5311,21987
21107,21987
16929,21987
20775,21987
22802,21987
10429,21987
19348,9102
14898,12379
6387,12379
20761,12379
12126,37
17633,10913
10663,20614
9,24550
10615,25447
3979,6476
19320,1548
24152,6135
9825,21303
12194,21965
17675,4090
3882,13753
25396,6533
17904,32
14533,11518
5435,2631
21408,2765
13059,7474
18976,15013
23743,17610
11888,6533
12618,5890
3224,20581
15828,16240
15316,6533
11413,15
16676,6533
1084,15
16516,15188
20861,22758
9422,337
14576,8861
2016,15
23678,5554
4660,25388
7200,3277
20916,18284
9770,6533
8668,16240
12292,21965
12018,1889
12703,5554
13540,14420
18950,11730
3376,4396
20936,451
9132,19519
21846,6533
7684,19519
4202,21965
9886,1523
3377,17158
4894,12379
16707,12379
9907,12379
12488,12441
24420,17128
25268,21965
11528,17128
2502,17128
6259,23536
15335,23536
13006,21178
23082,17128
16487,17128
12478,17128
1744,9811
13233,6533
13096,24883
13663,9145
788,22153
8884,9457
7218,20231
7527,2556
10835,5742
10573,15386
15185,12801
3447,11673
22475,896
22586,21965
4145,23465
22475,8929
4948,12704
12052,12379
6347,21987
6387,21987
11041,16128
3393,21457
22281,21987
5565,18472
16947,11200
12529,21912
24719,13898
24480,8400
24719,16719
5714,21987
14898,21987
20761,21987
25087,21965
5445,6314
17633,10913
6829,5897
2640,19600
19440,4666
9376,21965
18799,12379
17858,12379
22802,21987
7695,9102
20775,21987
10429,21987
20643,12379
17633,10913
10663,5792
25100,18346
5960,6135
1578,6533
24264,16329
10769,4982
17712,25213
5673,21965
6691,3677
12194,13753
4441,18130
9307,12257
23065,18582
16897,6533
8362,21965
4165,11613
14722,17334
5249,7474
1959,15
5403,17610
20959,617
8524,17610
25502,14855
24447,13258
376,5554
6177,21455
11394,19112
23460,5794
9396,15
2840,13258
15327,25440
22522,15
20239,13201
16710,11849
23782,20434
21745,24
15150,9144
8558,16240
4764,23741
24635,14967
7908,5554
17187,6533
5682,18284
16170,5130
7396,6533
23406,10927
16216,13753
3461,8730
5446,6533
10847,13753
2147,4396
2147,13753
23342,16867
10957,15346
20573,21965
20846,21965
3013,19251
20257,10890
7208,21965
15006,21965
21391,21457
4464,20060
14054,20481
4005,16829
6738,17107
2085,5130
3865,7131
24731,2767
17590,6533
15185,21965
7527,14427
3350,19483
3350,22531
22475,7314
4145,21965
22475,6608
8884,21965
15185,3675
8884,1113
9785,9189
18697,19760
15386,19519
8884,1296
13172,23687
13172,6018
18076,24795
9785,6533
8048,20326
21700,18844
4831,23953
19414,21965
21016,23217
7260,4299
15180,4299
24902,1699
15916,8169
17858,18472
24719,2730
17417,12379
20643,1486
25040,12379
23983,12379
18799,18472
4907,9800
16947,1008
16947,19550
12052,15346
24719,13385
15239,21965
16159,15430
5618,23860
17502,21965
14415,1699
5445,6314
1733,10634
2640,19600
7695,21987
2338,9102
12820,12379
1741,21620
2063,21965
7403,12379
14259,12379
17633,10913
21984,23627
22419,4655
24150,15
10130,6533
8239,25451
19453,20590
21658,14637
10615,25447
1159,5554
18282,15
13746,6533
14576,19885
20040,617
6274,12379
16903,23853
2768,8354
5085,19798
1027,6533
17228,8260
13046,14491
20507,5554
3315,6533
4522,7474
3146,15582
11911,21965
1910,4813
15117,24436
23929,11330
1917,15
24276,13006
4825,17610
18576,6533
22920,21965
22122,5798
16822,6533
12691,5554
12697,2301
13113,5554
15828,13697
20177,12544
9187,24371
24874,5186
2807,21176
2724,12379
5794,22846
15670,4299
21533,13753
21051,13753
21773,23079
20622,9887
21773,15640
21773,3239
21773,12219
21773,13052
636,19478
21773,12984
21773,22084
21773,5663
21773,11559
21773,16285
21773,693
4078,18130
21773,17467
21773,6230
21773,18698
21773,19233
21773,21047
17795,12086
716,21965
18288,6062
514,16240
21225,6535
15257,14787
23792,16240
1720,821
18418,16547
6217,893
8231,3756
12539,15666
12539,2598
18557,3288
22293,3011
6217,14493
18557,9372
8231,7876
18557,16450
15102,10859
8231,14668
12184,17128
12088,22716
6217,10995
18557,23748
12539,2835
18242,6533
11503,9662
2273,9067
15102,23538
20359,16188
217,19347
12088,19912
11503,9576
4464,20060
8231,11635
9416,16240
2273,9067
7875,16240
12539,22737
5325,8968
5325,23206
5325,24953
25365,21730
21832,21730
22373,21730
465,21730
6738,12379
17858,20481
4101,2688
13860,18130
18799,20481
17024,14122
20643,20481
6296,21303
10682,4145
15185,21965
788,22153
22996,4145
24497,3821
18457,21965
23513,8336
15862,4145
5169,21965
3350,20030
23338,4145
22526,4145
22965,10709
23861,16346
6161,21965
10150,16240
15398,4145
8500,10881
22974,4145
10530,4145
5322,18446
22970,7728
20374,4145
5716,4145
4145,5358
3338,16240
1672,16240
18749,4145
20102,4145
20854,16240
20206,21965
839,21965
84,21965
15657,16240
2625,21279
10306,4145
8991,4145
21641,4145
2936,24594
2564,1136
18036,21965
22973,4145
6799,4145
25229,16346
2684,21965
12465,21965
13698,21965
5383,21965
15400,6869
9324,4145
23860,10881
3350,21965
10611,4145
20256,4145
11565,4145
24073,4145
6994,16240
21753,4145
8042,4145
11730,4145
23772,19511
4028,8169
25445,4145
22951,4145
20587,1529
5949,12641
8979,21965
8371,16240
11696,21965
1684,4145
20803,21965
17918,21965
10919,4145
22984,4145
21816,4145
22976,4145
166,4145
9010,21965
13595,21965
14595,4145
1156,4145
11987,16240
23519,22390
11744,16240
16799,5388
14964,21965
2072,7902
4889,4145
25125,21965
25459,4145
13281,21965
21993,21965
18439,21965
12434,8169
17436,4145
16905,21965
1813,16240
16103,16240
2548,16240
4275,4145
21584,7902
1551,16346
18700,24828
18481,21965
23177,21965
2600,4145
3105,21965
13473,4145
3352,21965
15639,4145
18947,10709
2540,15013
4881,4145
1266,18844
14974,6415
8764,21965
7013,16346
22987,4145
6978,21965
10076,21965
10421,4145
21563,4145
6102,4145
15185,5210
22986,4145
19695,4145
22552,24828
21476,21965
20663,4145
1210,24594
8195,4145
15711,4145
15298,16240
23241,4145
23052,4145
69,21965
23461,21965
16471,4145
423,16240
22125,4145
25460,7620
25054,21965
6582,4145
7527,23650
10355,16240
8835,21965
6795,21965
17625,21965
10341,4145
22280,14830
3585,21965
9502,4145
9296,4145
17724,4145
19875,21965
7794,4145
12057,4145
1342,21965
23123,15013
12611,4145
4714,4145
15079,21965
4751,4145
6863,4145
24729,4145
11358,21965
16323,21965
18230,4145
68,7314
19351,4145
25390,4145
22787,4145
22887,3137
11268,4145
5745,7314
4084,22275
17299,16240
7624,4145
18231,4145
20204,4145
1343,21965
15160,4145
7803,21965
7268,4145
10035,16346
12917,16240
11143,4145
22993,4145
19868,4145
13603,4145
13650,4145
11777,4145
14480,24828
22761,4145
8252,5936
19553,4145
23109,21965
7918,7314
19209,21157
23058,15103
4542,20348
22030,21965
7894,4145
7180,21965
21404,21965
5361,4145
3815,4145
8467,7274
18517,4145
11428,21965
23428,21965
11311,4145
13186,21965
1854,16240
21187,21965
14408,4145
22927,7728
22981,4145
9364,16240
5142,22953
5400,21965
6652,16240
22475,3719
20715,16240
11671,21965
21642,4145
23211,13213
14197,13005
24030,4145
11523,4145
15903,4145
23213,21965
24552,10709
22135,21965
12449,4145
22852,5431
655,16240
22946,21965
2800,4145
5489,4145
10692,4196
16854,16240
4717,16240
14364,21965
10658,4145
5642,4145
14585,7902
8984,21965
16689,7902
12869,4145
3538,1529
16401,21965
8372,4145
2687,4145
25045,21965
3449,21965
23186,24148
16387,21965
9142,21965
3690,21157
13160,16240
19901,4145
18579,4145
14974,6797
1845,6869
1643,21965
9955,14830
14370,4145
10158,4145
6749,18185
2209,21965
7903,4145
13811,4145
22877,4145
1135,18877
20267,21965
6638,21965
22882,5431
19593,11021
24743,4145
24304,4145
13320,4145
25123,16240
14244,5767
1939,21965
19681,16240
18814,2477
17387,21965
9714,11153
21092,4145
5148,21965
22988,4145
20722,4145
9540,4145
4227,7902
13560,21965
8100,4145
19677,8019
17271,21965
8884,11547
22990,4145
10495,4145
22992,4145
9049,4145
12299,21965
456,21965
7840,4145
20934,15103
14925,21965
8407,21965
7277,4145
10986,21965
15343,4145
5213,4145
21978,7274
18428,4145
15118,4145
17915,7274
22400,8336
14566,4145
17270,7314
8933,4145
5038,22396
9152,15103
18132,21965
11769,4145
441,21965
1647,4145
20926,4145
13402,21965
25406,6408
16905,4145
22921,21965
22568,11153
21018,4145
19747,4145
4189,21965
2000,4145
10399,21965
21121,4145
2481,21965
15216,4145
19175,4145
23756,17744
10944,4145
21986,21965
10005,16346
15469,4145
19177,16346
6537,4145
2138,21965
15933,21965
12139,4145
24637,15013
12044,5969
539,16240
4564,13538
8388,4145
15120,12700
22201,4145
195,4145
20195,21965
4235,7902
426,4145
13461,3378
1148,21965
3085,23636
10336,6218
14475,2631
3934,15
23991,21712
17417,18472
24719,17929
24719,19999
7403,21987
23983,21987
12820,21987
24719,14728
24719,9556
16947,24355
14259,21987
25040,18472
18738,9234
4675,7902
845,576
17502,2236
22183,21965
2236,16565
18324,744
3445,17111
3554,21965
11935,18177
22089,13808
11935,10785
11935,21965
11935,22458
9248,24001
2589,19685
17108,20460
3855,21965
11939,12379
16919,12379
24894,12379
3204,6303
2793,11996
22419,4655
6308,20672
10284,19519
12043,16816
15060,21089
20378,19519
23700,16816
1702,48
14198,20266
21817,7474
23637,19519
19670,2867
18792,22390
10686,20823
11394,6349
20131,759
14822,5554
15125,17610
5531,10881
25095,15
8728,6533
23622,20619
6932,20619
3313,17107
11279,6533
14748,20619
4764,9764
8914,20619
2815,13139
3559,23741
2344,20619
16378,20619
19639,15178
19336,20619
10145,14367
10318,6169
11888,6533
9648,6533
17690,21965
22026,5554
21408,19519
22823,22390
15432,16240
8123,13759
22423,5130
10496,21635
12292,21965
495,2631
21894,2631
16638,19798
9431,20619
14752,22758
16262,11963
6027,5130
18478,6533
23635,20619
24726,20619
5689,21965
15909,20619
14614,25154
24871,13279
10102,15
7016,21965
9457,7837
23226,1793
5665,6675
24731,2572
16977,6533
18225,8275
18360,18130
14031,318
20134,8349
11474,18695
11474,18695
13006,10193
4464,20060
20145,12984
3437,10634
19094,4893
8723,16285
5298,19526
1241,12022
12906,803
12906,16240
4228,4145
7949,1166
4770,18622
25134,4145
7680,4145
6458,9742
10329,21965
24737,4145
6457,21965
22098,12219
22098,5663
1744,9811
10736,5130
13194,12012
14019,16829
19783,17662
20165,8127
7403,20481
21995,12384
1725,2777
5298,19526
4675,24594
18738,9234
13776,18270
20632,18698
9207,6197
7004,13917
24400,21965
15185,13764
2159,4145
3744,21965
12807,21965
17587,21965
1607,21965
2832,21965
4339,21965
23563,21965
21605,4145
22949,21965
2597,21965
25485,21965
17988,21965
19439,21965
20626,21965
5693,21965
13783,21965
10982,21965
25322,21965
13214,4145
4830,21965
24958,21965
15072,21965
9932,21965
15131,21965
23469,21965
9423,21965
14771,21965
8884,829
13354,21965
12117,21965
7252,21965
1919,21965
2639,21965
11665,21965
24061,6580
21607,21965
23951,21965
25290,21965
10495,6156
23490,21965
2233,21965
7527,24090
2564,3137
6867,4145
4095,24811
12415,21965
184,4145
23598,21965
16053,4145
24821,21965
24505,21965
4564,22390
22051,21965
17141,21965
16150,21965
7754,21965
23958,21965
16869,21965
7718,21965
22548,21965
1887,21965
12072,24811
15185,21965
21974,21965
24502,21965
4036,21965
15458,21965
15929,22389
1996,21965
10472,21965
1736,21965
12335,21965
111,21965
15475,21965
18930,21965
19959,23023
10495,11153
17565,21965
4061,21965
4716,21965
3714,21965
9994,4145
9732,21965
1095,21965
13933,21965
2431,21470
6764,21965
12606,21965
14974,11239
18316,21965
17192,21965
6007,23253
24343,21965
22961,21965
2218,21965
14974,7380
8337,21965
13056,21965
4776,21965
9766,21965
1543,21965
23836,21965
25033,21965
24811,16240
12880,21965
1251,21965
24811,21965
10328,21965
22121,4145
14974,6650
9795,4145
14974,8262
23998,21965
863,21965
13101,21965
13086,24811
3121,21965
11825,24811
15610,21965
6808,21965
15409,21965
15920,21965
23764,21965
24811,21589
4422,21965
1133,4145
14372,21965
7862,21965
12646,21965
9532,21965
5429,21965
5964,21965
3350,11440
20119,4145
15960,21965
21866,4145
22083,21965
5137,4145
21393,21965
10394,21965
20259,21965
8480,21965
8787,21965
17939,21965
14974,7874
1462,21965
1970,21965
25122,21965
9720,21965
450,21965
9256,21965
9064,21965
14638,21965
6725,21965
2998,21965
17683,24811
14974,22979
24516,21965
21854,21965
25058,21965
8650,7753
4227,3137
23773,21965
15379,21965
24546,21965
8893,4145
18064,21965
23473,21965
6460,21965
10141,21965
12702,21965
11067,15103
20873,21965
17628,16240
25206,21965
5216,21965
18246,21965
25410,21965
10069,21965
13724,21965
14055,6533
24261,6533
19486,21965
16565,21965
17111,21965
2105,4880
1924,8161
21016,11539
15299,1732
2745,16240
24536,9078
11939,21987
24719,9276
24719,145
11041,7902
24869,5481
24719,24133
11041,10890
16947,16218
13948,17829
11041,19024
5984,12379
17858,12379
16919,18472
16343,21965
10215,14225
5445,6314
21723,1699
11935,19899
18645,11995
20845,5897
19357,5897
11727,12379
10126,5314
2640,19600
1310,990
1310,16176
24796,12379
12986,21356
9389,410
17061,5282
20081,9102
9050,12379
5054,3165
6997,21965
24823,23002
6997,21965
6997,21965
6997,21965
14009,12379
15023,12379
7582,12379
3064,9102
1707,48
19670,2867
14794,24364
6342,21965
836,7474
25541,12247
17521,6533
7669,6533
12352,5554
12775,5554
12674,11100
19639,18653
7398,6533
8555,17198
24254,11350
12203,7474
9146,10709
13453,17107
18605,6358
24944,17610
4448,21303
7549,11467
11911,21965
22967,2452
3376,10634
21767,17304
6723,24428
933,1772
3759,12952
7288,17610
23352,15
5032,6533
13046,14491
4669,7107
15327,7565
20316,21385
19943,15
20635,11868
17895,6533
24630,6533
8868,6533
19819,6533
1390,5554
16897,6533
17544,875
14049,20861
15672,6533
6987,19620
3419,25127
22052,24868
10863,2631
4381,11933
24874,6533
3222,21965
17848,851
10465,18033
1154,19519
19492,5554
3857,5130
8240,1699
14313,21965
17071,693
4648,21965
24536,1700
1733,10634
11176,6132
4459,6533
22221,19763
4464,20060
19940,6533
2273,9067
6670,6230
5806,16508
2273,6380
24307,15640
24307,22084
23665,21965
3869,1310
11939,20481
14151,1310
23745,21965
10189,1310
22844,1310
19338,21965
12571,1310
2857,1310
12361,1310
3695,21965
21234,21114
20956,19650
2105,17875
18076,20156
14974,12663
4145,576
10495,5388
12532,17467
14974,3259
10775,7734
24811,10881
4145,19511
13000,7474
24811,14224
8884,24676
3350,9078
14974,9095
4145,7620
14974,18894
2289,6533
22196,21965
2048,7474
15185,8009
3350,16054
14974,6168
14719,15419
4145,13806
14974,13418
6213,6533
8356,6533
15663,12379
8233,9902
4743,10028
17322,10011
13172,12055
11041,10729
4907,9800
14009,20139
16089,12379
9050,18472
23921,5481
18206,12379
11041,20660
7582,18472
18537,12379
13918,7902
4869,10053
16747,2479
15300,21559
1507,2236
13810,7814
3481,12379
3618,24271
7588,21965
9948,17744
14415,1699
21723,7814
6829,5897
2640,19600
14419,3432
10301,17588
10301,6192
10301,16273
10301,10849
20081,21987
3064,1486
1476,12379
19691,12379
10663,23627
17633,10913
9814,25447
17559,24214
17712,6533
18823,15
14768,21135
18363,17751
1910,20496
18928,22313
17450,18472
16301,21385
3313,6533
3243,10709
6293,21678
22018,2417
10221,6062
2821,21965
8728,3327
21685,25535
10027,1699
8552,18022
9220,2
2073,15
19614,7431
18768,6438
20393,13192
13993,6533
8843,10357
9847,15
11660,6533
3838,13452
2815,13139
14614,25154
25337,3742
21408,2
12292,6533
3372,6533
11874,21678
16946,13580
22228,3080
16286,21965
17488,15964
25420,12896
13453,18346
4397,21965
1274,15
11257,22378
2768,6533
17690,21965
20778,11518
25086,6533
11664,1699
15082,16240
9422,4761
8895,5554
9810,4551
18927,1699
12662,21965
20145,24847
24035,11559
10258,21965
21298,20827
9886,13052
5882,12252
10083,23079
18410,19233
22287,21047
11342,6533
2273,6380
11409,645
2273,6380
4464,20060
22483,9306
23660,21965
17607,18626
14031,318
11113,5130
13468,5130
11200,5130
11192,23013
288,5130
24307,3239
9592,13213
8758,21154
5445,6314
2564,2477
23273,21141
14974,1153
14974,18715
4145,6148
10495,16240
3447,22535
1845,2205
14974,19770
22475,10066
14974,534
14974,2892
8884,21965
7527,24559
22588,2
14974,324
15185,15375
3884,8502
1875,4422
24719,21746
9836,12379
24719,15703
11041,1189
11041,8160
16089,21987
11041,18463
5957,12379
19691,21987
3990,21965
6129,6608
18537,17546
1476,21987
24719,24852
14257,8157
6829,5897
20378,12379
3066,17007
2640,19600
7582,12379
25071,9102
9127,19072
17633,10913
20981,12379
21984,6868
17633,10913
14339,22390
17060,23131
20599,17985
11970,6533
5074,6533
19670,2867
10615,25447
3854,21965
5184,21069
24844,21385
3573,16772
7289,7474
2787,18608
9628,17957
20840,6533
6025,5573
20420,25299
11911,21965
18477,5554
16824,23174
24651,22455
656,17610
8123,4196
19999,15
11547,24
16897,6533
17842,25384
24284,13850
20863,14442
22823,18792
18125,20020
4458,5554
4457,2631
15150,9144
2435,15
9395,13006
15432,6533
3559,9764
22784,6533
13776,18270
21747,3475
22933,18270
5301,19519
10796,21965
14313,21965
8156,7664
2273,6380
23717,12302
6829,18472
2273,6380
4464,20060
13006,2264
4831,9063
14031,318
13702,18371
12986,21356
3886,9584
8377,3638
20378,21987
22807,23907
8535,7461
4145,21965
14974,22814
14974,5345
13826,22390
14974,10737
15185,17687
15185,9320
14974,5760
14974,17595
3350,19636
7527,18736
3350,6059
7527,19702
22475,8336
15120,7125
8884,4788
14974,16944
10692,4196
22475,24594
12263,6533
12263,17107
19466,7152
24719,1421
19466,22315
19466,15634
1651,12379
19466,8245
19466,13120
17770,19831
24719,7436
19466,2947
19601,2631
12052,12379
4672,12379
16269,12379
5957,18472
20981,21987
16565,2236
17888,2236
24963,24484
23020,25243
7122,9102
17829,7757
2640,19600
10215,14225
1794,12379
17633,10913
20775,12379
9620,15419
17633,10913
10663,2937
14719,15419
8239,25451
10694,6135
167,19349
22905,21965
7050,19877
6191,20636
6860,6533
3979,18499
18025,23311
7684,2
23188,15
10398,22390
384,9189
14077,6533
18576,6533
17380,5554
21979,21669
4980,14863
3913,21385
15380,4890
19592,18130
1958,21965
12241,3207
19460,21385
16537,6533
8278,2631
3759,12952
1873,5554
8397,13258
2904,11712
23913,15924
2253,17017
18927,23168
10507,15
21460,21965
12825,6533
21652,19028
11368,4343
10846,6533
15259,15
20914,21965
14274,6533
22933,7814
16876,18270
24488,1699
21886,4020
21470,20599
707,15257
2715,15428
3832,15257
17483,10359
15509,1699
10796,13753
12533,4900
15094,21380
20352,16240
18313,3132
17529,3132
2478,3132
9240,3132
21670,3132
1388,12379
19253,20348
15175,1699
25293,725
21977,725
751,412
14313,21965
19506,21678
2273,6380
2273,6380
23536,23970
19103,5943
12184,17128
22293,2769
4464,20060
9351,21965
11910,8604
13194,22390
16269,20481
12471,21135
3051,8406
16643,16823
10153,8033
24271,24190
7527,13985
14974,22184
6520,9887
14974,2706
14974,5346
22475,5388
24811,439
22475,23784
14974,22985
4145,545
14974,22312
14974,16260
22475,24474
4145,16346
14503,24438
17322,15225
6129,16346
24272,21965
1651,21987
19466,12439
9724,10709
19466,5284
4672,21987
4907,9800
19466,19234
11910,3057
7509,12379
14257,12162
18738,9234
2640,19600
11935,25158
11935,20326
11935,16174
1228,14670
12866,21965
17633,10913
21984,1127
1696,48
1260,24554
725,1997
7444,21965
5131,8033
12137,17549
6193,4065
19967,18346
13437,21965
23454,21466
4798,21385
11933,7474
7016,21965
12795,21135
12876,22156
17392,23853
21408,19519
16212,22333
8362,6533
21633,11424
2595,16240
7149,5554
24074,15
22122,7863
17544,10356
17904,294
10496,21635
25246,8522
1170,6533
18126,4409
23837,23914
22287,7711
11664,15346
14462,1699
20510,19519
1035,18033
13016,21965
13917,24371
15188,20474
20173,15257
17966,15257
11705,15257
20257,8160
17453,6533
9620,15419
2727,22460
6364,23268
2273,6380
2273,25254
4464,20060
18242,15346
13006,24411
14719,15419
13038,23307
13549,6533
21522,14943
25509,12379
1744,9811
25209,18130
16951,7926
8311,24226
19434,14564
9575,6533
3350,24594
10108,6533
21349,11457
14974,22872
14974,8911
14974,19653
2431,21965
14974,19464
9785,6533
11541,22390
24811,16778
14974,13064
2431,21965
18708,24180
14974,22975
4145,24594
3350,21965
6811,21965
9461,20664
1924,8161
5445,6314
4221,15908
14503,12379
7509,21987
22497,33
15940,21965
7658,2099
24719,21249
19466,24956
14475,2631
19333,413
2643,12379
24719,11952
9768,21348
18595,12379
697,12379
4869,2256
4555,12379
18234,21965
9606,19222
17932,21965
9870,852
22145,3679
17829,20669
20291,10634
2640,19600
14738,12379
6616,17295
12054,4596
1310,13885
25328,12379
15311,12379
13829,12379
1701,48
14719,15419
17633,10913
10663,23627
9620,15419
20349,15
18801,15
4592,21965
19224,6533
12257,15
6288,21699
24615,21303
14466,21678
10788,21535
15755,6533
25354,21965
12067,161
7319,13006
22809,24581
12286,25398
8145,21385
15150,9144
14726,6533
6607,4683
10103,1669
10932,18792
1843,6533
7807,8466
24927,21385
12590,5554
14749,6533
3465,2631
8794,21965
7574,17544
19508,3873
4713,21882
11934,5186
13279,25317
11013,3099
23758,19053
9703,17610
12856,22912
18819,6533
17749,24221
21525,6533
20030,17091
18925,12223
2245,21135
17124,12814
11911,21965
10725,6533
21405,10455
10274,6533
11625,14505
12292,6533
1898,15664
22221,18270
14274,16027
13776,7814
12015,2970
22065,1699
6639,5051
23430,12379
7986,22912
15928,17079
22831,7620
8729,1192
21377,24438
13137,1699
4464,20060
23197,6533
4317,15419
2273,25254
2273,25254
19377,8896
21818,2727
22692,12641
6364,23268
15257,21965
8866,15257
15257,21965
2286,20599
20306,5130
21612,17610
7575,12379
12252,15103
21314,12379
9422,4761
16182,24776
14313,21965
15185,23301
11040,22390
17802,22390
22475,22041
4145,8336
22475,21965
14974,19882
16734,22390
24811,24519
22475,10709
3350,25181
14974,6644
4145,10709
14974,4400
8884,13866
7527,4855
24811,12684
14974,22994
14974,22978
2140,17243
6597,2
11574,1162
1924,8161
23365,14582
20293,18586
5976,2631
14225,21965
20001,16587
25328,15346
14738,18472
8640,12379
15149,3101
12492,857
15311,18472
18595,18472
20095,12379
11041,16346
19466,23630
20001,6939
3990,21965
2643,21987
23365,14582
774,21965
1378,22717
23365,14582
25178,3232
4831,23953
7004,1255
19712,5855
2640,19600
2992,11293
25120,15486
13833,9102
3756,6659
17633,10913
1782,11293
19418,8238
2894,7501
45,14441
15060,23627
16643,12524
2432,5554
15489,6533
3360,21965
15606,21965
4006,10660
17293,12424
19995,22515
25496,525
3614,21965
8530,5130
21391,21457
4609,18502
20959,13873
16745,8499
11900,6533
19556,8374
19819,19519
1868,21385
12405,12664
9956,19251
15276,19519
7069,15
21711,3653
23061,15536
17521,6533
22958,17610
3207,2
24521,16240
2815,14407
4807,6533
21459,16240
3372,6533
22122,17500
7858,16757
22799,6533
16537,21987
20131,759
8362,21965
15404,6533
7853,21965
384,6533
10846,18402
4035,2631
3097,11712
615,23502
19182,21965
9283,1226
16876,7814
9577,21965
7175,21965
20754,20027
8462,21950
10435,22118
4635,1699
20156,13753
24544,16240
13622,12379
19561,9185
7311,22939
21318,21273
2273,25254
6364,23268
12725,13929
2273,25254
4464,20060
16643,20910
16951,12670
11200,5130
23419,5130
12421,5130
8130,16829
20806,5482
8099,5130
11746,5130
15257,3353
15257,21965
17618,12211
15604,12211
439,20599
20990,17281
7730,21965
3350,18771
3350,5365
24811,21965
1086,24867
12344,17994
22475,19735
15185,16780
15185,21965
4909,21965
24811,20888
15071,17546
24811,21965
14974,25406
3819,7902
16079,17381
4145,24715
4145,6945
4145,8169
7527,15852
8884,10051
11881,12641
22851,8033
4883,20664
8356,6533
181,15942
20489,17210
7651,21965
1924,8161
7208,8768
19201,16240
2264,6533
2492,12379
13918,24594
3019,18402
5743,18463
19466,6098
12492,413
17698,33
19466,9781
14946,20354
5445,6314
3481,12379
5635,21965
2327,17508
18738,9234
13833,18472
24228,5897
1255,24371
17700,12127
3066,17007
4301,2648
2640,19600
19239,21965
21367,12379
21274,9102
10382,12379
45,14441
18842,12379
17633,10913
2894,7501
17060,23131
10663,22755
20599,652
10615,25447
15173,10881
15492,2631
3160,2631
5495,21728
20232,6533
18499,9806
19670,2867
4065,24397
10664,7905
11514,1363
21330,13753
14676,5130
10027,21965
8438,9760
17048,11093
14666,10757
21979,11764
8295,1486
24123,5980
15490,5554
14950,5554
1823,22390
11660,6533
5914,24110
3243,10709
19724,24867
3833,6848
5529,2631
18928,1414
13279,6533
18768,18406
2253,18598
12541,413
20200,21385
8719,5554
405,2631
24623,23290
13898,5554
17544,18472
17769,2
22919,21965
25417,25385
10886,5554
21405,6533
23707,12085
22147,3063
13706,22912
3007,12379
1192,2631
9542,9310
10103,12440
10524,21366
24330,6533
21582,5554
20483,18387
22455,4566
15017,22390
5032,17546
7280,6533
7107,7474
2091,23919
15257,3820
13006,3600
2273,25254
19940,6533
885,10604
14719,15419
8547,12696
2671,7474
10280,17794
24228,24978
22692,8336
18910,21965
4464,20060
17873,6464
2273,25254
7444,21965
24741,20427
558,5130
16651,5062
17281,21965
19434,14564
1086,10098
2097,21965
45,14441
21812,1160
9919,22390
22196,22239
22475,5365
15421,22196
11672,22390
1934,22196
22196,22510
23936,21965
13933,16388
8884,21965
3350,20649
12209,10813
8208,21965
15719,16240
11672,21965
4762,22196
651,5050
8884,16699
15185,6445
24811,6148
7512,19211
21532,6533
15106,21965
6757,23954
6976,930
1924,8161
14430,6533
7004,1448
14475,2631
13172,17051
20956,21965
4992,12379
4907,9800
18842,21987
19466,9743
19466,18496
19333,23425
10382,18472
19466,19968
16947,3439
3481,21987
8640,12379
6107,12379
16947,19047
21367,21987
21093,21965
7444,21965
1228,18472
21341,878
23365,14582
14257,12162
6681,10437
1035,1699
5018,5897
430,5897
2640,19600
17633,10913
25530,18446
21274,21912
13237,23914
7397,5792
24018,13050
7397,21525
1702,48
1791,2181
1705,48
17776,15
13066,17546
8239,25451
6038,21965
14140,6533
12946,6533
10664,7905
7535,9571
11042,21965
4006,24239
6072,24144
12771,13759
17265,15
18244,2631
5785,5130
11659,5130
7550,21965
3759,12952
9610,25213
21003,2631
8109,13006
23089,18130
19238,6533
9245,2631
10219,20606
860,14011
4589,2631
13628,9277
17688,21458
25541,25037
16745,6533
9099,21965
17380,18568
22122,24512
17496,6623
17738,24059
5914,6533
1799,24367
13046,11756
20477,6533
15777,11903
12790,2631
20630,19024
19463,6533
11666,13006
24623,19759
17259,7474
21167,1486
15281,18346
21707,21965
13744,13391
2454,6533
4088,11360
19667,5186
20300,21965
4403,6533
8445,4196
13137,23308
8156,7664
17795,12605
19420,21965
10359,23536
3011,13754
2598,13754
3288,13754
7876,13754
11635,13754
17985,23536
23748,13754
9576,13754
15666,13754
10995,13754
23538,13754
12088,18098
16450,13754
13006,5249
19912,13754
5747,20150
10859,13754
16547,13754
893,13754
5018,9804
9876,21965
14493,13754
14668,13754
2835,13754
4464,20060
22716,13754
23168,23536
9662,13754
22737,13754
9372,13754
2273,25254
2273,25254
25041,11045
14505,20599
24090,20599
13070,1732
19187,10051
866,5130
5946,5130
8640,20481
14722,5130
1253,5130
7504,8033
16951,20167
4145,17578
8338,7314
4909,21965
24061,6580
4145,21965
7527,5079
22588,2
19711,619
22475,24921
7575,12379
13602,16510
1448,24371
15422,21965
1924,8161
6101,2631
11471,23599
2105,4888
19032,19076
23439,1699
13291,5090
19333,12379
15239,21965
19466,13626
12870,12379
6107,9052
21704,3611
13237,19986
2622,22078
9672,23599
7230,21965
1731,21965
15151,21965
19032,13157
5445,6314
17834,5973
4880,22837
9389,24230
15300,3798
15300,9826
15300,2081
21525,5897
21345,21965
14419,3432
2640,19600
11935,17703
11935,19059
11935,4205
11935,1426
11935,6546
11935,7814
11935,4494
11935,7814
6997,21965
15272,11609
24236,5469
17060,23131
3150,5792
12201,12972
22005,23290
1366,23741
10694,23271
19967,18346
25417,1699
2448,1699
19028,204
18469,15
16745,24517
1666,6647
10148,17907
7436,17610
1829,20619
13173,20619
21145,24553
23269,20148
23305,19470
12274,5117
9912,7223
13511,20619
8362,21965
19579,20619
24521,17219
18768,9414
12444,20619
24411,9776
5245,20619
24044,15918
10840,2813
9926,20619
11888,6533
4380,17242
22919,6533
20040,617
8713,5554
3007,12379
2075,20619
12405,14622
6996,23645
24676,2
860,10117
2817,2
8770,20619
14717,23290
10799,20619
20600,11171
16798,5554
12762,21965
2615,20619
22809,16240
4635,22761
11700,20619
24488,23741
9428,5554
19856,20340
7566,17508
21796,6062
1320,4667
22912,22387
6274,22626
2273,25254
1729,21965
2273,25254
4464,20060
15678,15257
12264,2188
2434,617
7528,5130
7896,5130
17978,5130
1744,9811
16951,20167
7004,1124
4145,19089
19094,4893
22475,3432
21663,7314
15185,6631
6007,22675
23922,7314
17982,10194
13431,22390
6007,6176
24811,1004
5995,7314
3350,7125
3350,7086
135,19519
4302,1491
22475,1353
9785,19162
1924,8161
4551,11213
13502,12379
19333,18944
16947,21840
3996,21987
16947,8175
7575,18472
5025,12379
15239,21965
9136,12379
7562,33
14719,15419
9592,6291
6976,23354
13172,6689
11501,23599
5720,23599
11129,23599
5445,6314
6860,12557
5046,19136
18738,9234
5054,3165
188,21965
22145,6533
2640,19600
11935,20515
21768,12379
8926,9102
21984,7239
8635,21965
8635,11753
10615,25447
11750,5541
23949,20332
20680,8574
12447,16431
10960,21965
1599,19519
16440,20321
3107,2569
2254,24946
21117,24946
4083,5554
13985,6219
8378,2
862,7474
12908,5231
17586,16247
18063,24
8362,6533
9037,6533
11547,24
9559,7474
592,8543
7792,18346
18341,23290
944,6533
12405,23103
13262,13006
14710,7902
294,6262
11888,21226
4709,2631
16892,4016
12261,23649
9583,5554
18880,5554
11450,16539
14717,19759
15393,20010
11420,22912
8980,13258
5740,5554
8535,7461
14462,1699
17751,18406
9253,21965
7715,3601
22065,10949
3207,19519
1072,19519
2277,6546
2177,12379
8446,12379
6512,15201
15099,13028
12263,17107
14866,1699
11074,6062
2479,11454
4464,20060
15712,21965
2273,25254
13006,8962
2273,25254
19940,18402
22912,21709
8535,7461
11213,8645
1817,5130
21969,12379
16419,3421
991,13068
16643,17418
7444,21965
4145,18448
23574,24079
15185,17140
7527,9361
24811,21965
3350,21965
22285,22358
3350,11153
21120,1353
24811,21965
2578,4566
22475,9147
4145,24131
15016,2688
6755,2688
1124,24371
1924,8161
16580,12379
24885,18592
4907,9800
19333,12379
21490,12379
13237,23914
5366,12379
5053,33
15020,12379
5025,21987
685,12379
13172,16901
14719,15419
12395,2451
12408,12379
13999,22713
23365,14582
21723,7814
14415,7814
8926,21912
17442,5897
21373,9102
24610,6533
2640,19600
1310,16346
14038,21303
14781,12379
14439,3169
10663,5792
8683,2631
19661,6533
21323,15
25337,3742
13066,6533
12858,15
23619,2631
6806,2631
24934,5050
12257,7474
9781,15
11271,17610
8776,13734
9610,6533
16210,23253
20688,19519
1198,184
20159,18818
25461,25280
2653,2
5664,18346
12762,21965
7217,21965
23520,8400
4845,6077
24239,18805
20330,2
12029,2099
22919,3327
18945,17505
12081,24190
11660,6276
3580,18545
11911,21965
428,6533
8769,21965
21167,6533
19513,15
1826,6533
18025,4740
7246,5554
11098,228
12949,15
19047,21135
11888,12379
21377,12379
20546,3973
10537,13697
24528,21965
10879,17660
16624,23013
12524,21965
6639,1699
15257,8232
12533,21965
18949,21965
10548,15166
12801,17368
24085,17368
311,17368
22350,17368
9896,21965
20257,24519
10400,21965
1791,2181
4464,20060
14651,21965
8535,7461
15145,19519
21868,8698
24921,20599
135,19519
13933,16388
22475,21965
9082,16240
8884,21965
7527,1723
22475,848
4145,7728
1942,10447
13724,14579
8768,6533
2488,15849
1924,8161
18198,5554
6015,19986
13172,6747
19466,22461
19466,20979
7562,33
15020,21987
15239,21965
17698,33
21875,12379
5366,18402
16947,6179
5053,33
18738,9234
3481,12379
17844,21965
7004,7247
3683,16240
5875,21965
22010,12379
14344,21965
2640,19600
1442,6134
21921,12379
21768,21987
12338,16469
19687,33
20702,33
17633,10913
3150,5792
14339,22390
19670,2867
20599,3120
11647,22390
23954,19970
2696,11444
12886,12515
21250,6792
25350,20191
15716,16240
2313,22685
4380,6533
227,9775
11547,4196
9422,21987
16745,6533
11403,25213
2426,6533
22799,6533
21208,2631
6793,9384
14911,16240
1646,17610
19753,5554
2632,7474
12261,6533
9956,6533
8896,18250
10926,6533
11368,10356
6509,15
15111,8872
20250,1212
9703,21882
20606,24
8114,15
2875,16240
16044,15
24833,22389
18341,6533
7016,21965
13466,211
25086,6533
16711,6062
13961,6062
22065,1699
2914,12379
15104,1699
20784,11298
20784,13753
11817,13958
4388,21965
9448,15
428,1699
14723,6533
2045,8329
18461,12379
4601,9052
2724,12379
2886,21790
2886,21787
23594,3697
24899,21965
4464,20060
2273,25254
9810,25474
11249,21965
2273,25254
9620,15419
8528,16072
24739,5130
7826,5130
706,5130
20866,5130
8130,19969
16951,21965
991,6533
13933,16388
7527,21039
7567,6827
3667,22390
13227,6402
2289,6533
3667,21204
3350,3336
3350,23262
15185,13982
3898,22390
22475,8019
8884,13634
8884,22178
10313,21965
21334,25161
1924,8161
22809,8948
7208,18268
7208,21965
7208,7620
9428,5554
6976,23354
13172,955
2105,10338
20956,13708
14881,21965
4907,9800
19755,12379
7562,33
15239,21965
7403,12379
13444,11153
16947,23663
22719,24016
4268,337
17650,21522
17698,33
14719,15419
16948,18109
25339,20463
25339,3400
9995,1624
22711,21965
13437,21965
21700,16239
21069,5184
19161,6533
7247,24371
17485,12379
6829,5897
21630,6521
4725,11492
15300,8496
21701,3688
5984,12379
3970,12860
2640,19600
17633,10913
20702,33
23162,33
10663,1231
3192,22390
50,2620
10663,5792
14719,15419
17633,10913
8239,25451
19967,18346
12310,15
9069,6533
10788,6533
19373,16818
10525,21965
6037,5130
3687,6533
5416,6533
9080,18346
22606,6135
20158,5130
8776,16240
9424,5130
13683,21135
7574,11368
17705,16090
12762,21965
18199,11778
22444,17744
18063,14984
23709,15
16210,6533
15918,10232
2313,22685
8434,16240
21342,8400
20437,12797
15025,21965
19162,2
6025,19178
9653,5554
21300,5726
4730,6533
10103,1183
24822,1402
15084,5554
17186,11712
5890,455
8156,22389
3007,12379
15887,8964
17895,6533
10725,24689
20336,4196
21840,5130
1106,2631
15586,6615
2329,6533
14710,8055
17690,21965
20131,759
8509,16240
17751,22390
25417,1699
15264,9189
15257,3152
104,17368
1791,2181
158,19519
16203,865
11396,19519
18002,7474
17516,13753
2223,6468
12127,11685
8466,725
12263,1699
19420,21965
18530,6062
21796,6062
2273,25254
9810,10579
4464,20060
5747,20150
12088,4355
2273,25254
12184,17128
10958,24404
19326,780
11045,10881
2714,21965
583,15341
5984,20481
17384,5130
11019,5130
4414,5130
463,14564
22475,21965
22762,15103
12452,10887
3350,1377
23957,33
4145,15013
8208,21965
4145,21965
2596,5679
13933,21965
23033,20475
14632,12379
3350,13676
15185,23939
20910,21965
1786,11630
1924,8161
24140,10007
1148,21965
6261,21965
11041,20348
10088,12379
16947,10089
2558,12379
20981,12379
11041,24450
12529,12379
22010,18472
383,12379
19755,21987
21875,21987
19266,12379
16947,15932
4268,12379
17010,12379
2004,21965
13172,16813
13461,22656
14762,12836
16343,21965
23365,14582
16948,18109
25331,11978
7004,17563
5445,6314
15300,21965
1231,5897
19282,21965
2640,19600
11935,7745
11935,21965
11935,20234
11935,7814
11935,7814
11935,7314
14516,21303
2081,24829
15663,12379
3798,5186
22764,9102
19342,12379
13955,9102
16362,16905
11609,21965
23287,12379
20570,12379
17633,10913
25165,16816
15060,5792
12043,16816
12043,16816
17633,10913
5226,5767
22939,725
25012,14596
13583,21965
978,15
20772,5130
10289,14436
10615,25447
4702,15
19661,6533
2331,10953
22657,11116
20365,3099
20605,13753
15111,19798
8295,6533
11402,10690
5128,6533
1093,6533
22014,2631
15290,6533
8434,16240
16990,2
11478,15910
12398,2
16212,22333
24795,24880
13510,6533
5358,13201
2448,6087
20336,4196
11888,22046
18632,24
20628,8886
2545,19519
4050,16240
15432,6533
4786,6533
18770,19799
10099,2
11403,6533
9220,15368
25138,8260
11865,5554
10053,1969
17476,6533
19091,15520
8666,2631
12194,23008
22620,12379
7715,1699
15104,1699
10698,7474
9174,7052
6118,1699
2685,1699
21141,6459
6476,6459
13626,6089
2273,25254
17794,4027
12999,21965
1231,1233
2273,25254
19676,11785
1086,14389
9421,10881
16643,25512
725,8701
12986,21356
12863,12861
3377,17158
18459,12379
3791,5130
13140,21987
1744,9811
21233,5130
552,21987
9156,21965
14139,24128
10172,21987
19025,21987
24752,5554
17010,20481
11281,20599
15859,15431
15185,19955
15185,21965
25260,3329
24811,22090
4981,21965
7527,23989
3350,7482
4145,9045
12719,19760
22475,21965
17323,16240
1711,2099
3463,4329
22080,4329
17230,4329
6472,4329
5129,12162
1924,8161
23645,5472
16947,9979
9136,12379
20570,18472
5053,33
14632,18472
16947,24053
16947,16340
3734,12379
16947,22931
16947,18358
2558,21987
23287,18472
19466,185
4869,9085
13172,24215
21081,22853
2105,14348
7367,7814
1051,6518
17563,24371
5445,6314
55,54
6681,24155
24230,16775
22034,9102
22764,18022
17485,12379
9846,21965
2640,19600
1310,16176
19687,33
4051,25250
7695,9102
17633,10913
21984,24118
14719,15419
25398,6533
15547,21965
22713,1994
10664,7905
11647,21965
18192,22637
21208,5554
17690,21965
19789,15
20336,4196
8378,2
25189,23543
1904,17610
24076,10173
7550,21965
13509,762
7303,8142
18676,15
20040,617
7858,16757
8422,21882
90,20178
5729,7474
3573,6533
11246,3313
12378,2
955,25477
23614,20969
11255,21965
9346,6533
5914,6533
4253,3074
3973,21965
1020,18305
23483,8994
24964,4810
546,7474
4752,16532
23451,6788
6250,22036
4382,17610
15042,6601
24753,5554
9626,23290
20635,11868
16644,6533
15017,22313
15634,2631
13570,18346
19795,15
2653,20865
4822,7529
23474,15
4911,18130
20745,11771
16018,25284
4088,6533
13212,21965
17254,25195
725,17548
13014,21965
23255,13753
6713,19519
3321,21965
9810,3617
7208,12198
10143,25419
14195,1699
20354,412
16879,19925
25041,3432
18905,3131
2273,25254
23696,9075
2273,25254
21384,20746
6588,4418
10930,21990
14029,5481
13447,12379
12185,21965
17323,16240
24752,5554
5311,21987
21850,5130
1421,18130
20906,21987
11108,21987
15171,5130
20629,21987
17969,19903
8884,21965
2943,15603
3884,9198
3884,12572
19613,20892
8884,7254
22034,21987
3350,21965
22475,21465
7527,22832
15185,3165
1784,21965
3350,25103
6120,6532
4145,12401
14949,24038
2732,16474
5754,21965
6213,6533
1924,8161
15425,676
14055,15103
14055,6533
18738,9234
7004,17531
16947,12406
16947,7082
19466,10915
3990,21965
4672,12379
17447,12379
2622,22078
7052,12379
9136,21987
11041,9078
1148,21965
21081,13035
13172,19217
574,7233
15300,2973
14415,19177
9073,5897
17213,5897
6556,21965
2640,19600
9826,12180
15605,12379
12986,21356
9389,9078
12338,16469
7837,14371
3517,4007
6201,24968
14178,22156
17895,6533
23470,7474
10883,7474
14984,24
14924,6533
1447,6533
2888,1226
25228,13753
21391,9015
24822,2854
13712,6503
5980,10356
18805,17944
20393,13192
21459,2301
7098,7474
10931,19519
15494,19519
9220,2
1897,21965
21210,13006
23352,7474
11529,15
25412,3327
19162,9785
22412,8952
7055,7474
19753,4071
9104,21882
1426,25050
6081,6533
16040,22912
3014,21965
12573,21965
24652,985
23520,6533
14420,13753
3865,6385
20094,17015
17213,19861
2273,25254
2907,12696
14390,15419
4068,17726
14554,24609
9073,19861
2273,25254
9744,24335
21477,21965
3633,21965
12206,2
1421,18130
6746,21987
16929,21987
17447,20481
12298,5130
4145,136
2431,2397
12796,2431
5061,2431
3350,21965
19094,4893
15185,21965
20127,8964
2431,3723
3884,7648
8884,21483
11994,19950
3350,3764
8884,21965
22475,14961
2468,14849
4425,22276
21996,7693
21996,15461
2468,24158
4329,20580
766,19631
4425,9193
25287,5963
8531,21269
1875,4422
1924,8161
5951,14014
17531,24371
15605,21987
19466,1748
9355,12379
16947,21058
13172,19185
5445,6314
5445,6314
19817,7976
23365,14582
10461,21965
2670,11995
2640,19600
8615,4871
3150,22759
14339,22390
5747,20150
16164,15135
238,21965
17751,8224
22411,21965
1170,6533
24501,8499
9308,21965
22444,17744
15132,15
16212,22333
15393,8176
20336,4196
22830,6533
3007,24376
23147,6533
20583,19465
5912,19519
7016,21965
21780,13006
3527,24650
16874,11712
9556,21135
3897,13873
11900,6533
25138,6533
7152,7474
9787,6533
24559,6533
11888,3605
1004,15
13869,6533
594,21965
13272,9784
25013,617
6086,10983
4906,6533
21711,3653
979,2
7774,2631
21709,6533
18092,19519
4373,15
9274,5554
7557,24715
12337,21965
12054,4596
18192,22637
501,13753
18268,1605
868,6687
17944,20599
14365,15103
2771,3335
13447,12379
3865,20577
8601,759
12439,6062
13006,18754
17015,16240
2273,25254
6364,23268
2273,25254
21787,22460
4111,6533
15304,14628
12354,23013
1421,18130
18139,5130
20737,21264
4507,1226
12840,21965
11329,14564
3350,15013
5260,21468
3350,8560
24811,21965
15185,18072
4145,10568
4145,5305
7527,2505
24811,13617
24811,12678
7497,12110
17701,22679
4145,21965
17928,9528
1924,8161
1088,21965
55,65
1368,12379
18738,9234
19309,12162
7052,12379
15239,21965
21398,12379
16947,1023
16947,25085
16947,18366
19466,12816
25040,12379
16947,20578
9355,18472
7891,12379
15239,21965
685,12379
4907,9800
12891,12379
1148,21965
20956,23779
24869,5481
7004,8844
17935,12379
589,2236
22040,22024
13810,7814
19432,12379
2640,19600
8601,759
25163,23427
14038,21303
19769,4340
16843,16772
7924,24371
21411,2441
15693,9102
10830,21492
8690,12379
12126,37
3150,25531
24441,17610
2045,8329
22489,15
22606,20897
19670,2867
10664,7905
19178,5573
14198,19256
21823,4677
8239,25451
11474,18695
16721,4813
24310,15
18478,6533
21125,24600
9265,8572
2556,13006
16751,8563
860,18130
14007,6533
16218,17610
3014,21965
22186,12641
21979,19973
15017,1414
11063,23741
8090,12952
1799,24367
10366,8754
7550,21965
23249,2631
15165,16085
24365,6533
20172,21965
4035,2631
17006,2187
944,21965
15111,19798
16289,19581
23767,2631
25430,3327
10373,17610
10053,16240
11375,16240
4187,15
8098,6533
6224,17610
13111,458
6385,24209
19375,7474
11359,6533
1910,8730
24610,24267
24728,21965
22065,21667
525,6533
24683,12379
1138,1699
6713,13753
22226,12379
11503,22527
2273,25254
12184,17128
1203,21965
2273,25254
24306,21965
18418,16759
12088,19725
6659,21965
6631,4670
14719,15419
23536,13851
22239,21965
9141,18902
4916,18498
5505,18498
20577,8604
14139,12791
1744,9811
25040,20481
19047,5130
14012,15814
15185,10517
2291,4681
1942,15159
4145,24240
4145,21965
21045,11555
3350,24999
25435,12641
4145,14633
15185,21965
22475,21965
8884,21965
143,5554
13826,12641
7527,23541
3350,21965
3350,21965
945,24371
14195,7814
10537,8336
107,21965
13062,24581
2545,13894
15822,6619
5445,6314
19333,5606
16947,9929
15149,21037
16947,2947
19466,8210
16947,21884
16947,15992
6959,20216
16947,5310
16947,13471
21695,12379
1148,21965
8721,6083
8844,24371
25312,14670
8093,12379
20783,12379
23365,14582
12126,37
20760,9102
19014,25154
21458,12061
11935,25078
11935,16249
11935,16671
11935,6788
2640,19600
2240,21965
8615,4871
3069,11293
4039,22072
14516,21303
8050,23827
11609,21965
15693,1486
6768,12379
17633,10913
16316,6533
8599,21965
10615,25447
20599,16415
23368,21965
23949,4606
9147,21965
14198,1708
6228,18489
4060,10334
2312,21965
8776,16240
12257,14331
2420,22390
6427,6438
24258,21965
25330,18929
12405,25207
10113,25436
14337,10384
6689,21965
24323,21457
21729,17610
7880,15
17331,6533
12847,23009
787,2543
14704,8675
18340,22337
21391,10356
22090,6533
10358,4412
17122,2631
12386,13006
12572,8508
9944,15
8904,2
24376,12379
21392,17506
21505,8382
15766,1699
9818,22156
16216,21965
16745,15306
8564,16831
12246,13258
15464,12268
20506,23198
12600,6533
23766,7474
4911,24
14579,461
25371,12641
9657,22912
14723,6533
357,10709
7386,4526
12098,6533
4928,13753
15226,13753
25415,13753
25056,21965
13626,6062
18530,16757
2273,25254
10813,23536
11839,7620
22912,459
20892,17128
2273,25254
7239,17128
23297,22299
1392,21965
294,15518
3120,17128
21234,14249
18358,5130
20806,3065
5018,4963
6605,6529
13447,12379
6200,8584
3350,21965
22475,250
4145,21965
4145,9686
20760,8400
17182,21965
14876,17738
13915,12379
10765,94
1615,21965
22475,20660
9915,21965
21996,19427
2468,14463
766,4438
21334,25161
12817,8161
1924,8161
1695,15341
10873,21965
11315,22158
3867,23016
19333,12379
16947,14531
22900,12379
16947,14546
13291,7198
4907,9800
19466,11611
19466,15285
19466,2261
6768,1486
19466,16184
18076,16604
19193,2648
5312,21965
7004,21150
1824,9239
2236,13464
3481,12379
15858,833
24039,5897
19432,18472
2640,19600
1310,11959
4249,12379
1310,3202
17633,10913
10663,5792
14719,15419
12054,4596
25334,21017
17633,10913
14984,19519
24453,6788
23949,21965
5960,6533
181,15942
15993,13844
19178,6533
21221,22758
12771,19519
6899,14564
7851,16277
21378,6533
8306,7994
5379,2631
16635,15
17875,8580
12206,19519
8090,12952
14528,208
24188,2
19031,23624
2375,19798
25326,17610
1823,3753
7574,21391
2313,19750
16327,5051
5912,6533
4460,9052
3336,2631
2426,6533
10753,5666
3362,21135
13483,16047
1564,21135
13272,15659
17006,2
8920,2166
1169,6533
14305,7416
9357,12641
12426,13753
4471,7517
12263,1699
7588,21965
2132,9445
2273,25254
2365,21965
812,21144
2273,25254
11351,1256
7848,980
15263,661
12201,19332
19945,5130
3481,20481
12763,9445
13447,21987
3438,6533
20178,9581
3447,8589
4177,21965
13589,10634
22475,21965
2291,6533
8884,21965
25489,11844
22475,3777
3350,21965
20178,22390
4534,11859
1924,8161
22158,21965
5445,6314
18727,6533
4888,20
7413,12379
16947,8684
17698,33
12492,5606
19466,25421
19466,6495
4249,21124
20702,33
22900,20139
7052,12379
12870,12379
20001,25157
8350,17472
16947,10051
9686,24476
21150,24371
9149,21965
2981,21168
18491,2403
12576,949
17055,21965
3057,12318
9897,22299
55,52
9279,5897
2640,19600
17055,18709
22072,21965
23573,16506
4563,12379
20580,781
20337,12379
17633,10913
12054,4596
10663,17986
12054,4596
19670,2867
6228,6533
14198,21965
4006,2740
19879,21965
5590,2631
10615,25447
1847,6135
15668,20302
13279,9927
2313,19750
8961,6533
19660,21965
860,24
21979,6533
21440,13006
24779,11511
9608,17610
15394,21135
20506,24266
22499,15
5317,15061
17947,11362
14854,2
11063,9764
22223,26
10592,16240
7830,22390
6051,5554
4807,18986
8590,15
18045,4196
20913,6533
24376,1893
5470,15
13062,16240
16604,16017
694,12032
7016,21965
5914,6533
357,10709
15264,1699
18730,1699
20569,1699
9357,13753
8156,21965
17156,6903
24878,8336
12318,8645
8658,21965
3400,7131
16284,5130
7848,21965
9279,21987
4963,5897
11875,6533
7848,21965
13006,25526
20463,7131
2273,25254
22912,14752
2273,25254
20242,7787
1744,9811
4563,20481
8560,6799
2403,21965
7371,5130
14728,7474
15185,434
3350,7814
4623,9078
22475,2172
13933,16388
4145,13798
8884,3933
7527,644
13927,16240
9812,21678
8874,17926
17117,14508
5110,22310
24367,6365
4329,362
1924,8161
240,25367
1584,13894
20687,11630
20337,21912
16947,21756
1098,12379
2524,12379
19466,9446
3151,11959
12492,12379
12870,21987
17805,3027
14257,12162
13464,21965
25342,1305
7004,17783
23995,21965
10591,5897
19426,985
12054,4596
2640,19600
18052,21965
12579,9102
10663,18545
10663,5792
17633,10913
20352,24496
20599,10691
920,21678
19650,6135
20455,17610
22256,5130
11724,15
8575,24622
8224,18130
12378,2
3014,6533
21857,17506
21145,6533
8090,12952
24109,6533
3833,21216
6619,15822
18444,15
17895,7904
2313,19750
2080,5028
9996,17610
7611,6533
12118,2
16415,2093
396,5554
14420,2970
8532,253
24835,6533
1447,6533
4777,21965
13735,5554
1718,21135
10066,7154
12025,18568
7254,5554
7858,16757
18478,6533
21884,19877
15579,14605
11279,18851
1368,5739
19286,15
610,13006
13809,21965
357,10709
24453,1699
22065,1699
3461,21482
12367,21965
14929,21965
10374,15103
21171,8964
16823,21965
7188,10881
10591,1486
2273,25254
2273,25254
4963,18472
17794,5225
14508,17696
16017,8604
20242,24181
17640,6527
17640,2573
17640,15913
17640,15751
17640,25426
13062,8948
725,19194
145,7474
24811,16240
8884,5558
3350,20348
9915,21965
22475,21965
3350,20795
8884,21965
13942,1942
3350,3152
3350,21965
15185,5835
20876,6533
17628,16240
22642,22196
3350,21965
13933,21965
14941,7980
7232,21965
13067,9721
20216,16240
19466,25011
18747,12379
1098,17546
16947,10096
25157,21965
21398,12379
16947,21879
19466,12259
4907,9800
19466,769
19466,17121
16947,10969
13172,11435
19979,21965
24140,7814
821,2898
17783,24371
13464,2236
12579,21987
18438,1486
17055,7814
18545,5897
15858,19265
2640,19600
5984,12379
1442,16424
1442,3059
25530,18446
1973,12379
18193,12379
17633,10913
17633,10913
16479,9102
14657,9102
3150,5792
21811,21965
6865,5130
20888,15
15266,17439
9564,5554
20599,3469
21659,6533
4006,4649
19597,6533
24133,15
10248,16240
8239,25451
19211,5198
22644,5130
17248,15
11795,23481
15190,15
13873,617
18771,21965
18312,6830
7851,13577
6503,6647
23373,21000
8378,2
5657,22156
3279,15
14871,19801
20300,21965
20612,2
310,13258
23560,15
558,21135
14900,15
2995,7474
20695,6533
10061,15
16327,6533
6996,23645
24455,6533
21085,9764
18282,1121
10651,15
4042,6533
9604,7474
10324,6533
4654,5952
10159,1114
1893,12379
7516,2631
15766,122
1604,12379
23195,21965
16184,17368
12337,21965
19933,13500
19480,21965
7636,20994
1138,4900
38,14408
12211,23938
11368,21987
15257,21955
2914,21987
12816,17368
25512,21965
10064,19057
3018,24
15296,21965
12439,9707
15257,16064
22318,21965
23112,7902
5398,1202
25519,19253
7372,24451
11109,12383
10547,21965
294,6262
3745,21965
8231,10532
20998,15173
6442,21965
18418,12928
21818,9401
12539,15765
12088,18404
12184,17128
11979,7211
18545,17107
11503,18831
2273,25254
294,9654
2273,25254
1983,21965
11351,1256
16503,14838
16921,22390
16474,11685
463,14564
24811,16240
7914,739
15185,6640
3884,3583
7236,739
13120,7474
8884,994
7527,2353
4145,6093
20254,16240
17313,8688
10310,23088
24811,6375
22475,20113
22408,5947
10310,12379
2394,12379
13643,12379
6289,18284
16643,654
3327,24456
13723,12379
2663,6533
7109,12379
6954,12379
21516,5328
1973,21912
19466,3017
11487,12379
17016,12379
1713,12379
24674,12379
11041,18458
10396,12379
10404,5897
6454,12379
8695,12379
23754,12379
25300,12379
4844,12379
14614,25154
1984,12379
18193,18472
20617,12379
12046,12379
14881,21455
13172,8426
22676,9332
5445,6314
19987,21965
11811,3687
5298,19526
8753,13319
3027,21965
676,21965
18983,21965
16760,18382
4658,24371
15300,12865
15300,24007
2973,34
21881,5897
1488,12379
2739,5897
3977,14839
10461,20453
19014,14670
24965,12379
12061,21761
2640,19600
2876,12379
19899,16240
11935,18931
11935,16772
11935,6546
11935,8137
11935,7814
11935,16772
11935,7814
11905,10634
11935,16772
11935,15046
11935,23883
1805,8754
12986,21356
13902,12379
512,21965
19092,21965
6997,21965
11609,21965
25376,23106
3066,17007
17633,10913
10663,23370
17633,10913
18853,21965
23949,458
4327,13373
9069,6533
19558,12972
7532,6533
21205,10881
10180,24946
7858,16757
4887,7701
6079,20360
10926,6533
13890,12379
20409,6533
2042,6533
1564,21135
6617,17026
19753,20459
15394,21135
13471,17610
10592,6438
6600,19610
5566,6533
5946,21135
10719,16240
1602,11814
24241,20671
3199,13006
5980,12379
17978,21135
10099,4819
13049,15822
1844,15
17516,24274
23483,23976
21465,6533
5109,15
18488,6533
22221,19198
11474,18695
8729,1192
12263,3432
13626,21965
7208,10702
10561,739
2273,25254
21881,16027
9876,21965
2273,25254
18077,8127
3865,21180
18705,24982
21899,2688
4002,14741
11586,949
16921,6788
22475,7814
15185,224
15185,24701
739,24906
2291,299
4145,13684
25260,6533
739,7515
7527,23407
8884,19422
22475,23279
3350,25156
4329,5251
18677,6533
20152,6533
15305,16240
1924,8161
1232,1732
22874,11476
12502,18777
7004,1423
17722,12379
10019,12379
2853,12379
14150,12379
11244,12379
8370,12379
3603,12379
4729,12379
16926,12379
4538,12379
5843,12379
23441,12379
8708,12379
5683,12379
13902,21987
3950,12379
2743,12379
25314,12379
3423,12379
21436,12379
12660,12379
21619,12379
24273,12379
8890,12379
10257,12379
13597,12379
20807,12379
5900,12379
14744,12379
15091,12379
13828,12379
16947,3935
3361,12379
25222,12379
25389,12379
6954,21987
4907,9800
930,21965
2105,24385
4599,11119
10461,21965
20291,10634
14657,21358
16178,9102
16479,21358
2640,19600
7378,12379
18554,5897
25076,21303
25530,18446
2959,12379
16750,12379
17633,10913
3066,17007
4711,9102
7397,23894
3354,9102
13833,9102
12294,9102
9121,9102
10615,25447
4006,19540
17404,21965
10664,7905
8776,16240
24176,9883
16174,18346
9871,4255
4923,23522
12771,24
18980,7474
1851,22424
4978,3481
24163,12666
6079,20360
8558,16240
6108,6533
18644,15
8818,14727
3007,21912
1817,21135
7826,21135
3362,21135
14128,316
20466,21965
8227,16532
501,4925
9610,9678
24240,7474
1537,13968
19915,947
15837,22069
20300,6533
455,12637
18928,1414
22539,13006
9446,17368
9006,2631
922,12379
19667,7789
14795,12379
162,12379
22065,1699
1427,6533
21181,9713
21181,10185
3787,19519
2273,25254
19407,8040
3745,8336
294,12536
2273,25254
19219,8040
7511,4360
11148,19386
7444,16240
7154,10855
11296,12379
8897,12379
1744,9811
9855,12379
15091,20481
21522,25492
16951,20167
18780,16240
1533,16240
5445,6314
1207,7726
23090,4254
25274,25066
15185,20077
3350,12017
16178,18022
23955,8040
22475,13959
23159,11694
17454,21965
13447,12379
991,23985
15616,3581
13731,6533
7444,16240
9117,10007
10317,6533
20358,8161
947,3794
20604,7503
12355,7503
19876,7503
16825,21965
1423,24371
19466,4545
3361,21987
1488,12379
19687,33
5900,12379
11106,1486
11041,2648
15809,12379
23845,2865
13335,2352
13172,13949
23354,21965
11457,8931
17935,12379
23779,23962
5292,5897
7378,21987
2640,19600
23774,6533
19207,12379
25076,21303
25530,8336
3066,17007
17633,10913
10663,23670
11095,6533
20599,2464
5327,21678
19558,6533
4327,6533
19670,2867
12093,10709
6507,21135
11482,21965
12886,6533
9747,6533
8485,12379
4753,21965
14649,5170
11547,4196
18002,7474
10228,23202
13544,2
706,21135
10386,6533
13111,6533
24503,6533
17613,9144
22146,16047
17485,25336
5076,15126
25415,6533
15841,6533
3042,2631
10324,6533
19485,11971
7851,16277
7516,5554
5577,6533
22178,2631
19753,8730
7249,20562
14633,2999
12343,14117
24501,6533
5577,6533
300,6533
20452,15533
15285,17610
14445,1180
13015,8651
2968,19877
19968,17610
11847,12634
11614,19419
23816,22313
14910,18270
9907,13028
19920,21965
19920,21965
13992,19519
24498,13753
17127,15341
7636,1700
17418,21965
12259,5130
22066,1699
2559,2919
19219,19386
6364,6533
19407,19386
5292,21987
947,17287
2273,25254
2273,25254
8535,7461
23962,8645
17021,12379
14795,21987
24355,5130
13095,5130
12603,11536
20178,20199
3350,8336
3350,16346
4145,16240
4711,19386
3350,21965
15185,10828
6036,896
20876,1486
22475,15013
8884,21965
4145,13166
7527,21039
9121,19386
3350,22275
12294,19386
22475,21965
11497,24519
492,22390
21120,21965
8068,10620
15185,21965
16423,9831
2291,6533
13933,21965
13933,21965
3354,19386
2605,4178
4329,17039
11482,11042
24367,1799
25041,24562
3865,9271
1924,8161
21334,25161
23982,7503
4907,9800
20216,6533
11296,19386
5900,12379
19466,5214
2258,24719
19466,9945
9094,24719
11106,12379
15809,21987
18581,12379
19207,19386
17396,24719
19700,21965
6122,12379
16912,24719
247,12379
9855,19386
13133,24719
19466,2802
5506,24719
8897,19386
13172,22420
7004,1268
182,8033
23263,21965
24373,15320
21700,20835
11174,949
9147,1755
2230,25402
13833,19386
15300,25522
18554,5897
2640,19600
2336,12379
9799,12379
12986,21356
13844,21303
12820,12379
1340,12379
17633,10913
18421,12379
21168,12379
6219,14371
3066,17007
21596,12379
10663,23116
24165,5130
13685,18065
23949,21965
14704,5757
15702,21303
10664,7905
9997,11316
12946,6533
16643,23587
14449,17610
4405,6533
18770,9887
18045,4196
17926,6533
11019,21135
16537,6533
5106,5554
23147,6533
7534,6533
10629,18346
10096,17368
21037,6533
14940,8934
13155,17610
20393,13192
1537,13954
4787,22464
21005,15
16671,7154
10238,6533
24999,21135
11557,15517
9610,6533
20409,4115
21145,24553
8828,18376
12291,13604
21009,24
2647,22412
11359,6533
23541,15
17544,9490
4939,10
10169,6533
10662,6533
9083,15
168,18130
25228,12641
11385,15
4777,6533
8532,6533
23494,6533
9781,7474
11028,2
25304,21965
755,12379
357,10709
20522,21044
7010,9769
13738,19519
10864,11587
10887,1987
2397,21965
3723,21965
5905,3851
19096,5186
2273,25254
12948,15113
2273,25254
13723,21358
7154,499
12329,19606
15331,4196
11106,20481
1744,9811
21147,5952
7208,11908
7208,3478
7208,5086
4431,19794
3350,16927
8884,24070
13877,12379
10314,18305
4145,21965
22475,21965
6520,9887
13884,14139
15185,8630
19148,7474
2856,22390
14714,1903
20364,759
4888,20
2605,10534
5963,16240
14849,16240
4425,9117
9193,21965
24158,16240
15461,16240
7693,21965
19631,16240
22276,21965
19040,2139
1268,24371
20748,4491
16961,24719
21168,22137
5900,21987
16479,21358
884,24719
20363,24719
17417,12379
16089,12379
1114,24719
21249,24719
12614,24719
20062,24719
23906,24719
6122,21987
16947,20458
18581,12379
19078,24719
19466,25124
4413,24719
24725,21965
2336,19386
18421,19386
21596,19386
19466,12782
10384,24719
11041,15103
6721,24719
5402,12379
9487,24719
13724,9624
20956,4127
13172,12136
18738,9234
24140,8916
2236,23704
15334,21965
15300,17402
10404,21912
10404,5897
9799,19386
2640,19600
919,22717
12066,37
18709,25211
16850,12379
13771,9440
4234,8336
22491,12379
4410,12379
17858,12379
13771,710
13771,17761
3066,17007
13856,12379
555,22664
8421,20489
578,20489
2284,20489
25080,20489
16902,20489
603,22479
3471,20489
8871,20489
16797,20489
19018,20489
4915,20489
4436,20489
603,16908
6908,20489
2014,20489
603,18565
3903,20489
8550,20489
16137,20489
16682,19221
5302,6135
3672,21965
22713,1994
3123,21965
8239,25451
23569,10653
20454,15
9308,21965
11027,11712
14725,13201
10240,5113
13680,21469
18950,8067
6079,6533
22069,17091
25228,13258
23765,16392
1447,6533
19753,22758
12816,17610
3007,21912
20838,19543
9044,23649
13662,6533
12196,8994
3315,6533
1008,17610
17714,17744
16818,19877
10231,20713
21850,21135
10917,21965
14468,13373
12320,2839
14649,13968
18139,21135
21711,3653
15377,23853
19104,6533
16985,6533
9474,20234
15078,25184
17384,21135
11135,2666
4050,16240
947,3794
20053,6533
4072,21965
3018,19519
17127,413
1849,10352
1134,1699
24100,21965
6402,1987
13626,10681
8527,6555
2273,25254
12539,23455
6217,2991
2413,17188
15102,2635
15102,14315
11503,8837
12184,17128
2273,25254
22912,16773
10545,6830
755,4115
21168,20481
10545,6830
3865,18597
3865,6819
16503,14838
5445,6314
991,6533
6289,6533
8133,24811
8068,21890
17016,25154
24811,15103
6454,25154
24674,25154
14997,24811
7527,13944
13621,24811
22475,4855
1713,25154
21562,11245
1984,25154
20617,25154
8695,25154
12046,25154
4844,25154
22304,24811
4145,4616
24811,2761
15185,17581
22475,21965
7109,25154
16483,20283
10396,25154
11487,25154
4145,16346
3667,16240
24811,5455
9862,11972
2985,17508
17928,9528
6040,5554
17928,16247
5891,24962
7004,18003
16760,22962
24144,24719
17858,25154
4560,24719
11267,24719
25197,16346
24695,21965
11362,24719
25299,24719
22491,19386
1626,24719
16850,18472
5402,2341
17417,19386
20770,24719
18495,24719
15130,12379
11041,24519
21875,12379
6770,24719
16461,24719
13172,3567
5312,19978
3970,12860
24373,16610
23365,14582
13856,19386
19904,21965
9584,10880
15300,21965
23704,21965
22034,9102
3977,14839
2640,19600
11935,16772
11935,21965
20828,634
11935,4921
11935,8716
23774,6533
18052,21965
2240,8384
19061,12379
11609,21965
6997,21965
6768,12379
3066,17007
8640,12379
14719,15419
17633,10913
5644,10870
3150,5792
11425,16235
8635,21886
3017,5130
21944,8329
3687,6533
21845,10601
3979,21283
9069,6533
19558,10518
5986,23110
21044,21965
13764,22277
14768,21135
2770,3522
17485,6533
23976,7529
1192,2
776,23139
6866,21469
20567,22777
1106,15
22150,13258
12081,24190
6384,5394
17713,22758
20300,21939
10923,12916
18796,15179
6398,12615
10867,7120
13873,617
5988,6533
16045,20642
21885,17610
1421,15368
15755,6533
12182,4396
16406,21028
1070,10232
22838,9890
11295,5852
4642,3810
18684,1699
19950,1987
19374,6062
654,21965
8837,8604
8049,3387
947,3794
2273,25254
1093,13467
2273,25254
17298,10666
24226,21965
18048,17998
13154,20481
168,5921
24141,15103
13549,19519
10314,18305
24811,7029
4145,19981
3350,4330
7527,7366
20487,10222
6007,18233
25260,9935
1753,16240
22475,13424
24811,20688
4145,6608
2431,24812
25234,10858
6007,16772
6007,8280
24582,21965
7904,6533
6007,18651
4145,7814
6007,23769
6007,11780
2431,12805
13933,16388
6007,25340
16759,22390
6213,6533
1924,8161
18003,24371
16947,11699
16234,24719
3779,24719
19755,12379
7413,12379
19061,25154
15350,12379
247,12379
2643,12379
1793,24719
3795,24719
542,24719
15814,24719
8640,1486
20434,24719
571,24719
16947,15251
6307,24719
19466,8755
16947,3658
20969,24719
7988,24719
4293,24719
1051,6518
21851,19763
13042,7811
24410,21965
8481,19701
14250,6965
21723,1699
14847,10634
10461,21965
2640,19600
15849,19332
6829,5897
18554,5897
4017,9102
17633,10913
19691,12379
3066,17007
4921,1535
11878,21965
10615,25447
12429,21965
14331,15
14198,17692
23645,1767
14705,5130
22535,20619
719,5130
1893,12379
15077,21469
19643,1167
21982,22912
25256,20661
10660,21678
4405,21965
17714,1418
13167,6533
16537,6533
20589,25391
23976,7529
24053,17610
19004,11138
10096,17610
14380,6077
16498,13006
9446,17610
10629,18346
6945,6533
9074,2
23883,19519
7778,24553
21014,15
16184,17610
13823,20779
296,6533
5334,5554
15070,21965
2313,22140
1862,20278
19533,3742
6759,25432
18192,22637
12760,1699
19920,21965
19920,21965
19920,21965
19920,21965
19920,21965
5815,1699
6640,1699
4062,13753
10246,6533
4062,14830
18467,21013
5725,21965
4526,2017
165,21965
7444,21965
11536,725
603,21827
4369,20489
7421,20489
5917,20489
10422,20489
4498,20489
5871,20489
24060,21761
3678,20489
3541,20489
4705,20489
13665,20489
2951,20489
19514,20489
24567,20489
603,10482
18371,20489
11414,20489
17691,20489
12909,20489
11564,20489
15665,21761
603,18985
603,23130
3564,20489
711,20489
15842,20489
2032,20489
3383,20489
21181,9713
2886,19488
15670,4299
13857,4455
5121,21859
1093,16240
24496,17128
4708,1281
6829,733
2273,25254
2464,23536
20199,17128
3820,17128
2273,25254
947,3794
22912,656
14375,12379
3387,8604
19755,20481
15006,21965
16951,21965
20487,21623
4145,7314
7527,24056
15185,21690
4145,22718
24811,20529
281,7620
3350,15103
22475,12641
21575,7517
3350,23795
24223,21965
16932,66
5018,9804
19427,16240
14463,16240
4438,16240
5445,6314
5445,6314
5445,6314
5445,6314
5445,6314
5445,6314
7208,15103
7208,3521
7208,3152
7208,10216
20358,8161
1924,8161
16888,6533
14917,24719
4309,24719
15350,9804
3157,12379
3381,21965
15958,24719
4144,24595
20902,24719
8880,12379
21202,24719
16947,1966
16947,21648
8978,24719
15910,24719
4907,9800
17973,12379
19779,12379
19241,24719
18781,24719
19691,19386
18105,24719
22170,24719
20956,2511
7696,21965
21254,9246
3353,24547
7004,6714
10461,21965
5108,20824
2640,19600
7242,6788
10160,21965
1442,16287
1310,7314
18052,21965
10885,15313
4017,1486
7279,25082
25165,16816
14952,16816
17633,10913
15060,5792
19670,2867
22149,21678
2074,7857
8202,6135
17294,9216
23949,458
1994,21965
20605,13753
16620,370
15861,10881
5394,22465
8227,6533
12545,6533
4505,21965
19285,8279
22580,9144
14557,21965
25429,6950
5293,22440
1244,6533
11979,6533
6466,17610
294,12536
23919,6533
1340,19386
2256,4067
23630,17827
14727,21965
23086,16447
16669,6533
19985,21965
4310,17340
17935,6533
22903,21882
9044,6533
13800,23649
19006,25333
20179,24356
10099,6533
18377,5836
7016,21965
15786,7474
18174,19049
3289,21204
7682,21965
20748,16247
3287,6533
13391,15514
3521,11008
18684,1486
3038,25325
16920,1699
15532,7771
12607,4143
17668,21965
16643,16774
4068,18128
15761,12696
2273,25254
947,3794
14719,15419
2273,25254
13268,8336
15006,21965
14846,18130
10969,5130
1421,18130
15350,20481
14330,2
20127,8964
22848,21965
9361,6948
16419,2729
18708,25318
8884,325
2621,22390
8884,21965
3350,17763
15185,3071
15185,21965
7527,15846
16973,12641
6007,3558
13933,21965
1924,8161
1644,6533
14401,2099
23704,2236
4144,12379
8496,24719
23237,24719
16947,13369
306,24719
19339,24719
19444,24719
19466,14896
14338,24719
24555,24719
14149,24719
3397,2
5739,24719
809,24719
24759,12379
18162,24719
20489,3748
20489,25513
23855,3672
10281,8398
6714,24371
24140,24180
12107,11996
9995,13392
2640,19600
200,5897
20169,5897
18554,5897
6988,5897
13507,5897
22240,21965
23343,12379
9991,12379
16215,12379
17633,10913
3066,17007
25437,5792
20599,4613
21044,21965
16468,24594
7417,19248
23637,17634
7608,2631
519,4196
12985,22017
7945,1541
2653,20865
10855,19744
25259,21135
1394,1883
20547,4196
1169,6533
10113,25436
519,4196
7352,8207
860,10117
18823,5816
12816,5130
8828,2843
9070,16240
22409,16361
5086,4591
22375,22087
22407,3111
1584,13894
20509,18270
7895,13701
15039,23150
7636,1700
3567,13753
10246,6533
22066,1699
25056,21965
13391,12849
25225,9317
12014,20968
2273,25254
2273,25254
9693,16168
5445,6314
5445,6314
15982,19325
17006,19519
11751,5130
23343,11424
18247,5130
89,2688
2818,5130
1421,18130
9079,23381
1161,20759
16419,24983
22475,4829
15185,23514
4145,4482
15185,17945
4145,21965
15106,21965
3350,10785
8884,5774
3350,17681
7527,13608
4145,576
3350,19024
14773,21965
20364,759
20216,6533
994,6533
14528,17274
18738,9234
18738,9234
18738,9234
18623,2224
16544,24719
2207,24719
8237,24719
14603,24719
16215,18472
24759,21987
17639,24719
19466,4601
21131,24719
9991,21987
23789,24719
19466,2471
3896,24719
24719,24621
1842,1486
5802,24719
4856,24719
14033,24719
19466,23582
20773,24719
22277,25348
7004,20735
2640,19600
12054,4596
21026,21965
16692,7811
1719,762
22438,762
23587,21965
8239,25451
19197,13253
13758,5120
18436,5554
11637,15
20599,22329
14683,3522
4128,6533
10190,18130
24310,2631
22906,11738
13798,17610
10546,8408
21323,6325
23265,13373
23816,6533
7976,21170
16710,16958
2847,19496
19708,1105
17586,16531
12517,22390
10950,1270
23804,5554
23746,22912
5470,7474
9474,1699
1214,14871
18358,15
9262,10735
6946,22912
16678,23290
3054,10881
20317,19293
9787,21965
6290,18130
16208,6533
22369,21321
12320,6533
21863,6533
21756,4813
22499,7474
294,24368
8590,7474
6508,9169
9944,7474
15777,192
10113,25436
16406,21028
20842,15465
3512,18635
19352,6533
10400,21965
583,3432
4212,5236
16328,4196
15446,21965
11023,1226
9125,18270
13118,12981
15539,11792
19489,7131
20838,1699
17174,1699
22521,6533
15257,21965
21254,22729
21768,21987
11227,21965
6966,17662
12110,1987
19720,21965
2273,25254
22293,11661
18557,15986
2273,25254
12928,13754
5570,24057
2873,5897
15765,13754
23536,25355
20320,5952
21777,21965
8528,16072
1744,9811
15426,5130
1703,2
15006,21965
10244,21965
3350,14677
23596,21965
22475,17681
24811,15038
5498,12379
5445,6314
5445,6314
5445,6314
4329,22736
6213,6533
23382,6533
20358,8161
1924,8161
7208,4367
7208,18601
20659,12379
5683,12379
21436,12379
19466,11277
18989,12379
11244,12379
4229,24719
19466,522
3213,15
7631,12379
24719,22701
7626,12379
10136,24719
23441,12379
7138,24719
10245,24719
1798,24719
25332,12379
14321,24719
10257,12379
19466,20057
24577,12379
13403,12379
3059,24719
13172,12549
24727,22487
18738,9234
23365,14582
23365,14582
12805,2955
18983,21965
14297,12379
17932,21965
20735,24371
11123,10144
2640,19600
3977,14839
11935,7814
11609,21965
10663,1568
12126,37
23949,21965
6787,7620
17660,21678
12808,7812
12398,2
6498,1457
25078,6533
1955,16047
9786,25113
12182,6533
8961,5773
23265,6533
13015,8651
19523,6533
21598,2
9817,1699
19492,20625
24692,6533
519,4196
12825,6533
7771,4847
13630,4739
252,12158
8828,18376
6645,11712
17871,2
11924,12225
4605,4554
25011,15
5475,17046
15777,22211
11028,2
23976,16705
10629,21457
565,23007
16856,5333
19892,6533
22572,22912
1893,21019
10753,13697
6800,759
16462,21508
7895,13701
3289,13753
21306,21965
16506,13753
15257,21965
19253,18955
25271,2150
15264,4918
25355,8645
15986,17696
2504,21965
25225,16073
2273,25254
1043,22396
2273,25254
15113,21455
9915,21965
2873,733
20872,21965
25332,20481
991,19519
6850,5130
2431,21965
22475,6280
2431,19477
22475,8336
3350,21965
13933,16388
22475,20348
2736,6533
7527,17780
19057,21965
24625,13001
651,5050
16503,14838
7004,2948
21334,25161
24799,22154
20839,22154
1435,22154
16917,12379
24719,21750
7416,12379
20001,23097
7631,19386
15149,16957
11041,20380
23988,12379
4907,9800
2244,21965
24140,21991
21350,2279
23365,14582
23365,14582
3066,17007
2640,19600
3977,7881
1310,13919
1310,11156
1310,16346
17761,25211
8658,2363
16580,12379
9200,21965
247,12379
12126,37
17633,10913
15060,5792
8635,20982
8635,21965
3748,19519
22118,21847
5923,19519
5960,6533
15476,19671
10615,25447
10784,2
19920,21965
19920,21965
19920,21965
17675,3522
16197,17610
3023,10721
10131,16240
4259,4913
11474,18695
13791,5554
13873,16894
9787,21965
511,14288
17442,12165
7016,21965
22136,6533
21879,15894
10113,406
1093,22200
12245,15
22420,6982
17936,19147
13904,21469
24176,8580
3033,4869
10926,6533
13662,6533
22811,10634
20207,21965
13450,22912
10097,164
15186,4895
11924,12713
19741,18893
22580,9144
18364,26
13543,6365
19985,21965
13874,3328
10777,15
10735,20162
23763,21965
13208,9071
2662,15368
5825,11639
17935,16240
24693,4120
2683,6533
24652,6533
21876,1699
15041,1699
3364,1699
5076,21965
10972,21965
17274,725
5225,15081
16586,21965
12607,22291
19374,21987
20352,9112
2886,18674
2273,25254
23853,12357
2273,25254
15257,21965
20210,16240
19346,17794
16958,8645
20806,25190
185,5130
21522,13109
20414,14564
15185,3068
20641,10898
2621,16518
3350,16240
24469,17246
22475,21965
24811,13617
21562,21141
8884,16594
7527,19665
13933,21965
2246,16240
15185,17938
24811,10768
8884,15274
22756,18402
3350,25098
4145,9336
6007,3558
3350,7314
3350,15032
7527,13395
22475,3238
6757,23095
4329,1536
1644,6533
10565,6533
18903,23013
5445,6314
5852,619
17055,20720
3865,12068
23097,21965
247,21987
13651,12379
19466,10192
24719,16527
24719,25513
6012,21965
19466,883
19466,17070
24719,7424
7416,21987
19466,9377
5025,12379
11881,14673
13172,6360
16503,14838
2948,24371
8847,22713
21700,5217
4601,6533
11266,6533
5300,21965
2640,19600
5108,20824
10461,21965
19239,10576
12647,21965
4234,12641
12124,12379
17633,10913
16243,10262
14331,7474
7295,21235
17138,20933
11924,26
8202,6135
18694,17610
11043,15
19670,2867
4535,1053
3687,6533
18039,18290
16468,1529
25522,21135
22412,16111
24680,21965
5934,8346
10717,15
7478,15
13519,22912
18931,7474
7087,11768
2083,6533
10131,16240
296,6533
22235,2842
6673,6533
14394,16240
25064,17610
24755,15609
4116,19450
9343,20388
25371,16055
10800,13258
21879,19331
5065,6533
21879,2399
6400,16772
12473,13053
22407,3111
20469,15
21754,6533
9945,4728
15713,21965
4959,24760
20688,6533
2511,23328
14896,17610
2834,15
12981,6489
791,16757
7636,21143
16852,19519
10864,6533
15313,13753
5934,12576
20048,1700
8527,6555
17068,9300
2408,5050
995,19346
9620,15419
2273,25254
2273,25254
14719,15419
17006,22
247,20481
17006,2664
2804,22837
25039,13295
23033,19519
4145,22672
9694,21666
25318,990
24811,21965
22475,15103
22475,13416
15044,5851
13602,24624
7208,19323
7232,21965
3381,13258
1924,8161
1206,25488
16410,25204
17055,2950
19466,11721
24719,7222
24719,10122
24719,7784
15784,12379
4907,9800
2105,10338
13172,18099
13172,1012
16827,2099
7884,18656
4784,8085
7004,15349
2640,19600
5054,3165
22368,21965
12124,18472
6363,21965
25174,6533
3123,21965
10907,14755
16528,17738
23974,6533
20917,15
18071,10881
273,10298
22422,21965
9045,6533
25518,3653
17660,21678
14198,21965
9996,17610
12196,3522
2020,6533
8279,24436
18792,22390
12637,7186
860,9184
9251,6812
22375,6533
15242,6533
1106,7474
21019,12379
519,24
17181,4024
5825,6533
2375,6533
12078,8964
10099,2
13686,2
8069,11872
24365,19826
19708,13564
22463,12726
14329,5554
9787,21965
4688,12678
23816,1414
8519,8595
15236,3274
11579,6533
14022,15346
7895,13701
25526,1699
18466,16240
11394,13753
16698,6533
16047,6788
15257,3152
13616,12861
7010,5719
108,6062
5333,725
24056,20599
2273,25254
2273,25254
12124,20481
25124,5130
6856,23013
20465,7071
20364,759
7527,3215
8884,21965
24058,18336
15185,14165
7527,16212
15185,21965
5943,22196
8884,15985
161,22196
16510,22196
3350,14098
25093,22196
22475,19449
4145,16240
22475,19816
21697,6629
739,15211
22196,23568
2850,12641
22756,6533
649,5130
17322,10011
16410,25204
3865,1438
16774,21965
5445,6314
10257,12379
19466,1129
18989,12379
5683,12379
19466,3885
19466,11898
7626,12379
24577,12379
24719,16763
11041,16867
6057,12235
2236,21185
2244,12162
17307,21965
18738,9234
15349,24371
2640,19600
6368,14060
19418,8238
9741,9102
15060,5792
624,12501
4590,8886
350,17368
24133,8641
10664,7905
8790,21965
15529,17480
12285,8101
4811,8310
16046,21965
12345,21061
16054,4761
8239,25451
24572,21965
20070,15
14394,24634
7778,25469
17818,22156
22832,6533
19915,5208
2915,7529
10847,21427
3020,15
6370,16240
23562,13258
7849,21965
22409,16361
22387,16085
11466,11712
21655,7474
1966,5554
10131,6533
6647,2486
20390,15
16184,5130
23883,19519
440,13213
9051,7474
17803,22424
18745,7898
9673,2093
4412,21882
7213,13201
7921,20459
25361,15
14340,10288
3014,2
8534,21965
24193,24819
10468,5453
4692,5554
19992,19462
18789,15
14468,19216
21863,6533
19944,7810
10753,16240
17780,13006
8877,21965
24780,15346
22264,22549
3728,17610
10113,25436
20198,6533
18946,6533
20240,16834
440,13213
440,13213
8841,16786
12253,21112
20053,1152
15390,6533
21185,16346
8445,19195
14288,511
11685,16225
1438,8604
11083,21965
10110,13960
12184,17128
12184,17128
15006,21965
6484,20024
2273,25254
13589,21987
11503,13671
15102,18311
2273,25254
18903,12379
4086,3556
8825,1923
21509,23013
1744,9811
739,12813
7907,18704
4649,12301
16973,16388
4145,21965
9117,9078
13748,1699
21334,25161
19466,24414
22124,12379
10733,12379
19466,10269
24719,13600
19466,21105
3990,21965
12749,12379
4907,9800
19466,23336
19466,20325
19333,12379
19466,24452
19466,11761
7004,24561
18738,9234
19987,9850
22713,23222
3554,21965
13599,3356
14839,21965
18767,5897
25515,5897
18554,5897
10404,5897
18767,17369
10404,25154
4478,5897
2640,19600
21373,9102
11935,16772
11935,17100
11905,10634
11935,8727
11935,12867
11935,12851
14969,21965
6010,21965
1923,8850
14238,1162
13079,15934
5413,5481
3066,17007
20671,5834
6997,21965
11609,21965
17633,10913
14719,15419
10663,14351
11905,10634
791,12379
8410,1363
6539,6533
14757,6758
10615,25447
25518,6533
19661,6533
14198,21965
8667,23290
20701,23942
19724,10881
6554,16551
16047,6533
1282,21482
19975,21965
6080,6533
9446,5130
11979,6533
19124,24766
12078,8964
18128,10634
3034,17610
17935,16240
22811,12379
5996,13006
963,8400
6800,759
12309,9883
7016,21965
15602,6533
15157,17425
15494,20192
5523,2
22434,21678
19998,2275
3705,10211
656,17610
19915,21505
14900,7474
21200,24196
23939,7474
16695,2405
18754,22390
10096,5130
10061,7474
24917,21965
18488,21987
3727,823
4642,16240
4107,10881
23600,1699
9838,21838
23247,13753
15313,16240
20569,1699
1751,19519
4202,1699
11685,20394
38,10634
8105,19948
7076,412
24814,412
22692,7620
2273,25254
13702,15103
2273,25254
11839,17424
22912,13210
11307,21965
4545,413
14375,12379
14022,6533
7051,5130
4829,5130
22124,20481
19829,5130
7208,7883
7208,7513
7208,21965
22475,4394
13933,16388
16003,66
24058,6533
4145,1364
9741,25154
22143,7665
19929,20759
13596,21965
8782,21965
23593,12379
19466,15388
7035,12379
11376,12379
12749,21987
11041,7125
13291,18104
24719,7475
13172,3844
5838,19744
11881,21965
24561,24371
23365,14582
2236,16346
18738,9234
14098,5966
6631,4670
7881,21965
17164,12379
21373,733
10461,21965
459,5897
24732,5897
25515,5897
19426,6533
2640,19600
1310,21965
1310,21965
1310,13559
3354,9102
13833,9102
3066,17007
11148,19386
22491,12379
21596,12379
2336,12379
19691,12379
17417,12379
17633,10913
5343,22758
22925,21965
4811,8310
19670,2867
6285,16409
18535,21965
19237,6533
2484,21965
2074,8302
12886,10463
9997,11316
11058,18387
725,17796
20050,21965
12604,5767
15258,17585
11846,8515
12533,7474
18066,6533
10113,25436
24614,6786
21374,5010
5024,5624
1595,21965
9787,21965
6987,19620
1727,6805
21465,7474
7580,6533
21292,5434
5078,15
15774,20961
2915,16705
24187,5877
3366,15
158,2
16067,7474
11668,6533
22264,6533
1976,16240
24864,21965
21019,7713
13111,21965
6205,11770
5829,21965
2971,6758
10480,24
10227,15
6832,21965
5547,2449
9817,21061
11435,6533
4367,20599
21389,9887
7757,13753
8445,26
1723,6533
16594,19519
17127,6533
38,21303
108,21987
10702,5797
16439,6533
6659,20314
23853,18892
2273,25254
2273,25254
23717,12302
459,17319
8464,18270
3272,21965
6814,9445
15331,4196
21522,3172
8560,21965
20807,25154
3389,21965
3350,21965
21436,25154
22475,21067
17973,25154
8880,25154
7527,12063
13597,25154
7626,25154
15185,21965
3157,25154
8370,25154
19779,25154
4145,9133
15185,21965
13828,25154
11244,25154
22143,7665
4888,10
4329,16149
7232,21965
5445,6314
17322,15225
7004,22610
4672,12379
19466,13004
11376,1486
25253,12379
18555,12379
23593,21987
6261,21965
2583,16039
23365,14582
23365,14582
15300,11327
5108,20824
14677,7148
21128,5897
14677,5897
2640,19600
2496,6323
14871,15934
17633,10913
2363,21965
5652,23573
20580,21965
15060,2937
17822,9102
17633,10913
6963,16816
17975,24946
18165,15
4006,21301
24113,21965
9650,21965
2610,11712
8716,6533
10664,7905
21205,15861
7229,21965
20438,12464
17675,3742
8411,11969
19992,12379
8069,6533
7851,8165
9549,15
23265,6533
12105,13968
10962,15
6498,6533
19065,12851
3287,21987
2581,16240
1340,19386
4739,21965
8705,6533
21039,10162
4403,21987
519,4196
14734,17369
11899,15
263,18426
10558,17107
18238,6533
14546,17610
9787,21965
8084,3555
7792,18346
2886,5013
13857,21552
19286,5554
21431,6533
9377,6533
1657,6489
2749,19332
22163,2
24986,15341
1070,1699
2448,1699
10868,11505
22521,9052
2846,4196
22066,1699
4847,20599
12607,23775
10951,8886
16225,23536
23540,6533
17188,17128
20982,17128
2273,25254
2273,25254
12726,23536
21128,4666
2813,23536
19450,24
23398,21965
8144,23013
7527,17942
4145,21157
22475,9361
4145,11096
3444,22390
4145,16240
20876,6533
22475,12896
8845,21965
1088,23006
20014,6533
8059,10729
1047,21965
1604,12438
17578,20415
2105,9763
11041,15103
4907,9800
25253,17546
6129,15103
16555,5481
11041,20380
17240,12379
887,12379
1618,12379
11041,20380
19466,13322
24719,20479
13737,19951
22610,24371
11251,11366
16558,21965
21185,2236
2236,16346
530,21965
17633,10913
6052,7627
18755,15013
11407,5897
4478,5897
22199,5897
10972,21965
2640,19600
3066,17007
15605,12379
21821,12379
15300,16772
15300,16772
15300,16772
19701,14371
5183,21062
3642,21965
20599,11722
20170,22758
24452,2631
17337,15
4835,4182
19109,17610
19936,21965
3979,6729
3575,21135
14683,16705
24809,1532
11282,17935
21310,5554
3933,19716
21823,4677
23222,21965
4535,19555
3620,7450
22031,22916
11803,9301
19389,2
19741,18893
11228,5554
9761,21965
5286,7474
1976,5952
12711,8964
265,6533
17067,15
17263,19877
9534,9789
6594,22758
22065,21965
22811,11687
15671,7215
3709,11350
24008,15
12065,8416
6800,759
11762,6533
17952,12260
13796,15
18280,1524
4636,21965
12666,21231
296,13312
12118,2539
23659,15
13326,13351
10113,25436
24155,16240
14984,24
13972,21965
24917,16945
5547,6533
16874,17355
15257,7316
19800,12379
8393,1699
23664,16196
21181,9713
18465,13753
4463,13753
23916,21882
15257,8336
23005,21965
16643,2003
15877,14905
22831,7620
1746,20599
6649,20599
2273,25254
2273,25254
4478,25154
2986,6533
9620,15419
14719,15419
6364,23268
5516,4977
14387,23914
25253,20481
887,20481
1744,9811
18154,7241
7930,2
8884,21965
17318,13621
6626,5254
17318,22102
22475,1697
24811,21965
23273,5813
3350,22953
4145,5104
22475,19024
9505,14983
8884,10466
67,11838
9323,11406
17318,14997
3350,21965
15185,21965
67,22771
17318,8133
3341,20517
17822,19462
7208,21157
7208,21965
7208,15103
7208,2300
24162,20977
20993,16240
9330,20977
19560,20977
4888,3522
9853,10440
5445,6314
12793,16240
23287,12379
17770,19831
21826,12379
17722,12379
24719,25185
2743,12379
21619,12379
13902,12379
10019,12379
19466,12565
11041,20380
17943,12379
6129,15103
21821,733
22929,21965
7004,13978
1796,18826
14238,1162
5537,17169
18738,9234
14289,12975
24347,12379
547,9102
22413,1699
20658,1699
17240,12379
14415,1699
23095,9767
574,16240
12901,21965
18640,11919
10461,21965
6829,5897
2640,19600
20166,12379
950,56
14085,9102
10830,21492
17633,10913
10663,16238
167,19349
14575,12094
19724,13359
21869,4110
23949,8956
18544,6135
8239,25451
23819,18821
10615,25447
6539,6533
2003,21965
5428,21965
24624,13753
7915,24968
9329,21678
19967,18472
14320,22376
4222,4196
15804,8125
15152,15
24864,12764
9101,24
14734,6533
7443,22156
17140,2631
6263,21965
7164,24520
6503,6647
19915,19900
23292,21965
24925,15536
19062,6533
18798,21495
11278,25436
8084,6533
9787,21965
13272,7314
21802,19251
17282,12739
8295,4034
17827,21882
20928,6533
20059,5050
18192,22637
11686,4683
23965,6533
17604,25507
9686,1732
2846,4196
18290,20599
3066,17007
8479,5243
18927,1699
13543,1699
357,4396
11074,6062
8527,6533
7848,20645
14554,7977
22912,17413
8231,22339
6364,23268
2273,25254
2426,8812
2273,25254
18557,5950
24226,21965
2327,17508
19800,21987
67,16574
3350,13763
18090,23830
3350,21162
22475,21965
15185,13024
13933,21965
14085,25154
13233,6533
4329,15608
5445,6314
21334,25161
14234,12668
13978,24371
4619,12379
19466,17154
19466,11725
19466,17236
19466,5441
8281,10906
19466,14010
19466,20384
1731,16240
13172,13306
11986,7481
23365,14582
12331,25198
9183,21965
9084,21965
574,10495
17486,12379
22413,1699
3977,12854
10461,5490
7378,12379
2017,11935
11138,11935
2640,19600
20166,21987
11935,14475
11935,21965
11935,21446
11935,20380
11935,21965
11935,8736
11935,21965
18262,12379
6997,21965
11609,21965
13395,12379
17633,10913
17633,10913
21984,5619
19661,6533
19670,2867
12454,20007
8667,6533
8202,6135
13858,1281
14109,4761
8405,21965
5380,21965
22516,6533
15692,12679
5092,4196
2129,22424
1567,15
2735,16240
14464,15
20720,5097
17114,5130
3956,21882
23288,21135
15212,5075
15347,6533
7745,6533
20248,6533
15841,24192
1638,18270
10238,6533
7453,7474
12735,22087
963,6533
13162,6533
5455,617
12113,24766
2946,6533
14749,14680
11668,6533
8705,6533
10606,18502
11979,16427
10324,6533
917,22777
1470,25200
8415,12162
20040,617
5859,17610
9125,21965
21886,4020
21078,18871
8501,1699
18982,22390
5158,13753
1385,6533
749,13753
2784,6533
19000,6533
15585,6062
21141,6459
3844,6459
10225,3930
5225,19976
12607,15872
15237,2250
18262,21987
17006,14064
7848,183
2273,25254
2273,25254
18647,21965
18893,12379
16651,5062
20113,5130
8096,7474
15185,21965
24811,6878
24469,6580
13933,21965
22475,15754
8884,21965
25060,6533
2850,20348
15185,1815
3350,10881
4351,24504
23364,21157
4948,16346
9039,2963
18291,21965
17435,8033
20001,5743
4907,9800
24719,24122
11082,12379
4619,25154
19466,10139
25501,12379
19466,13900
5440,12379
19466,3841
13640,12379
13724,4486
20956,18909
10692,4196
14289,12975
7004,14496
9323,21965
3066,17007
17844,21965
24732,5897
10262,5897
23774,6533
11327,762
18883,16240
17633,10913
22207,13328
2272,6135
24924,9144
685,16522
18104,21965
20542,6533
12604,1699
2217,3945
1835,21965
5208,20640
20862,17356
21834,15
6542,2664
3001,7261
9945,18120
3002,6533
18927,23168
3839,15636
1023,17610
7363,22704
17819,19519
18687,20637
9202,6533
22916,9409
4787,18130
2829,5554
9813,23014
23825,21890
16179,17610
3068,7474
4788,21135
12752,2665
9787,21965
21802,6533
9765,7474
11278,25436
16212,22333
14984,18063
6092,20007
7763,6533
14630,13006
14664,5554
15782,21965
5356,6533
24690,9930
7137,13753
11435,9092
22838,9890
21040,8964
11082,21987
22339,8645
725,16828
2273,25254
10262,8400
24732,18402
7848,22562
2273,25254
20024,21965
16419,286
1744,9811
12768,6674
10824,5130
20031,5130
15460,5130
17640,21328
17640,7001
3865,22380
14323,12379
15717,14564
4145,7848
3350,16240
4145,18696
22475,7314
4481,19421
15185,7108
22475,11010
1372,259
22475,354
7527,10467
5892,12079
4145,21965
7527,13973
3350,9070
25301,21965
7208,11153
25525,7197
18706,1732
1604,9828
19466,4970
1651,12379
25475,12379
19466,12665
24719,13430
13172,24109
2105,1012
20144,13234
21406,21965
15596,21965
14496,24371
9323,21965
18755,1700
15300,10936
17486,12379
1695,52
2640,19600
9696,5897
7489,20824
12061,15096
10160,21965
1310,21965
512,21965
547,9102
3066,17007
17633,10913
24084,15
10784,2
12900,8964
16091,16240
13361,7474
9194,21135
5183,14334
17425,2
19967,18472
7204,16744
15264,23290
25526,19519
1645,1699
3945,21965
16763,17610
19299,15
13272,5632
17871,18047
6782,6533
10254,759
11359,6533
349,15
21646,15
9787,21965
14117,24
17522,17662
8084,6533
8295,6533
12735,16501
20191,18284
11968,6533
20040,6533
23265,6533
1184,6533
5092,4196
2377,15
6607,6533
15930,24
22426,11639
12522,18568
16575,7517
4557,14674
2971,6533
6688,7474
6930,21965
8472,22664
16328,4196
13723,6533
13220,23012
25519,19253
15264,762
3467,5365
24986,1699
22867,1699
24780,6533
11270,13753
10194,8655
15108,6533
23252,16221
17169,21965
94,13006
12077,6533
15257,21965
2132,9445
13763,20599
9620,15419
2273,25254
4317,15419
947,3794
5352,21965
7848,21294
2273,25254
2986,6533
9696,14448
6364,23268
12768,16312
1744,9811
16643,18322
11148,19386
9266,18483
16951,20167
259,21906
5516,6533
11785,2431
6007,16772
22203,752
22475,24616
3350,9742
9323,1700
25048,19024
3350,21965
22142,22390
3350,8006
4145,13932
8874,5535
12617,6533
1924,8161
16985,14587
21334,25161
21334,25161
24295,12379
19466,16162
24719,2796
15239,21965
5743,1697
2275,4869
6261,21965
7572,21965
20328,21965
14289,12975
7004,11883
18738,9234
2244,15315
16269,12379
20658,8933
17486,12379
2640,19600
14719,15419
17822,9102
21008,12379
4039,18425
547,21987
17633,10913
14339,22390
18948,23116
8274,21965
19910,7474
1532,2774
24754,21135
14887,1699
19967,18346
20599,13802
21055,15
7295,21235
4835,4182
24375,18402
22061,24107
24196,6533
24193,24819
3669,3887
6996,23645
8705,6533
6092,6533
25256,13759
13688,458
1641,15
9546,21965
19965,21809
24579,6533
252,12158
18801,24587
17413,21135
18597,23725
20479,7474
14749,6533
550,5170
7120,13006
3106,22156
10321,1746
22189,15
5538,15
12900,8964
23879,22390
1638,21987
5208,12379
17819,2
21534,6533
19286,18568
17624,6533
236,17368
236,17368
12533,1699
11387,21965
15854,25096
13543,1699
3140,23011
21040,8964
16437,18786
3753,21990
7848,20112
17794,1735
2273,25254
23747,10634
2273,25254
8630,17368
19431,21965
12768,7873
25185,5130
20878,7474
3865,9135
16626,16240
21008,6405
22771,10881
1673,17708
15304,14628
8884,21965
22475,20381
22762,15103
4145,17681
11838,12896
22475,21965
3350,21965
3350,21965
5753,21965
13760,6533
3350,16240
16003,24948
2236,20609
11041,20380
25475,12379
16269,21987
5267,12379
19466,20229
4907,9800
19466,22782
19466,25196
4869,23927
20956,5761
1148,21965
5445,6314
8526,21965
11883,24371
24347,12379
10710,9102
2640,19600
18425,21965
13395,12379
14259,12379
10663,11407
10663,16408
19418,8238
9840,13753
14698,1740
5559,4761
7224,24010
5574,24413
20701,18346
15718,23579
2238,15
10380,21099
10615,25447
1780,6533
8239,25451
17154,2631
5212,5130
4732,24
24258,21965
13553,21965
7915,13759
3215,18346
10558,18346
6678,20247
575,5624
9787,21965
6832,1699
19324,7474
19272,21965
7210,18568
25396,6533
23165,17610
15034,15
6759,20258
23541,2631
10926,6533
15939,6533
7210,5554
8002,18387
9054,6533
24545,12120
24363,13006
550,18130
7210,5554
14077,6533
1049,24966
25330,2
10693,23024
22380,19637
11610,15191
17453,6533
8210,17368
11368,21987
4403,6533
5803,17368
17055,21965
8339,6533
15670,4299
14176,8000
22831,2395
10034,21965
236,17368
9620,15419
11503,14980
25092,21965
18557,12540
2273,25254
12088,2337
7722,19511
2273,25254
12184,17128
13851,15103
8083,5921
12768,15826
24437,5130
5144,5130
18892,5130
22475,21965
23568,21965
15185,16255
15106,21965
13933,21965
8884,21965
4145,6937
22675,7314
7527,12436
24811,21965
16574,16176
24811,21091
6176,7314
13017,3233
35,12379
2950,6788
7208,3047
7208,21965
25525,7197
22736,19919
19466,25272
20001,17330
22456,21965
19466,2862
19466,25338
19466,6748
5267,8400
18426,12379
24719,14287
24719,6473
25475,1486
16479,12379
20394,24103
20609,21965
19987,21965
4675,8160
4675,10890
4675,24519
7004,16202
13234,5554
25477,16760
7267,10881
17347,576
23365,14582
2244,12162
7627,21965
11266,6533
7053,1048
15300,2973
11407,5897
2873,5897
12854,21965
7219,10709
20961,12061
11935,16240
11935,21965
11935,17878
11935,14753
11935,1506
2640,19600
11935,5013
1442,18728
16850,12379
4234,12020
19796,21965
23645,13682
15060,24147
17633,10913
14653,1363
3636,16240
7229,21965
8856,18402
14198,9334
5960,6533
24624,13753
14768,21135
20483,18387
2104,5130
11740,17534
5167,6533
6554,6533
5087,10709
1527,5315
7186,1091
24925,6533
6210,22424
23483,12392
17070,22758
13617,6533
20101,2631
18049,1347
18731,21965
11668,12379
8395,24867
3600,25230
5068,3271
4598,6533
19761,223
963,14107
8463,15
13614,15
6747,6533
4886,15
13982,21135
4545,12103
11686,6533
19482,19519
12540,17696
15041,1699
2569,11498
17509,19519
21846,6533
15108,21965
17425,19519
3182,24848
725,15124
6687,18737
15961,17391
20229,2
21040,8964
17523,190
2273,25254
11407,733
2273,25254
7848,20864
13549,6533
22199,13838
10446,12379
16302,16128
25475,20481
9796,5130
8923,2688
59,11
24811,16240
3350,5969
24811,12641
22475,12150
4145,18108
24811,16240
4145,11010
17466,11881
22475,16775
4145,21965
23891,24243
3444,22390
7527,13872
3350,21965
9096,11881
3349,22390
18099,2
3350,4947
9785,19162
11486,6533
22045,21965
16833,15537
18738,9234
24071,21965
19466,12597
16850,21987
13918,8160
19466,16310
14744,12379
25314,12379
20001,21218
15149,11707
8708,12379
19466,10462
24719,18158
18842,12379
16926,12379
23162,33
4907,9800
7052,18472
20659,12379
25222,12379
4317,15419
19368,6608
2105,24011
5445,6314
16202,24371
18600,16240
12373,21965
24347,12379
23107,13878
3977,8571
20166,12379
16241,11995
7219,1700
2640,19600
1442,21965
18883,21965
10643,12379
5053,33
3811,2563
17633,10913
21853,64
14952,16816
15060,5792
12544,9273
24648,24946
25085,5130
19670,2867
16249,4299
7883,6533
25042,14779
553,6533
20458,21965
4970,17610
9788,6446
24584,21965
1366,23741
25062,7966
22198,24946
9377,2759
7227,14152
20037,12952
8004,3566
19101,24542
6832,22549
17586,1699
2834,2631
9610,6533
17835,21965
6229,8368
729,23960
19967,18346
5962,1556
24792,17659
3548,6533
11278,6533
13522,15043
20625,5554
1244,6533
22611,12623
499,6533
10254,759
17518,15
10785,6533
14472,15
4843,13006
4193,24
2829,4813
7921,4071
25396,6533
17776,13986
3669,22389
13169,16839
17523,190
510,458
7649,6533
236,17368
6473,17368
3125,16775
2337,8604
6769,15103
15889,10881
18447,14998
16643,14048
25323,17280
725,15885
7848,18681
20011,9586
21818,17191
2273,25254
2273,25254
19625,331
12986,21356
24295,12379
6522,5130
18842,20481
59,11
17627,23013
13017,6533
3726,6533
22216,23914
13859,23914
9850,413
24347,21987
22475,21965
19855,9756
4308,8005
25435,15103
4145,15103
14843,2361
24719,25471
19466,2440
17065,17829
19466,16535
12793,16240
19466,25264
15239,21965
19466,6009
19466,6589
147,9102
5445,6314
7004,6880
615,5375
7198,12250
1903,21038
11905,10634
3977,19565
2806,20824
24881,21965
2640,19600
8131,12379
15069,62
10160,21965
18342,5104
1310,21965
1310,15013
19895,12379
1310,19641
12329,19606
14038,21303
11905,10634
15069,62
5846,12379
2547,2089
14063,4496
4017,9102
11039,22390
18549,64
17633,10913
13891,6438
19323,6533
5537,21965
12288,22912
13832,21965
23925,2
22096,2631
23825,7011
804,22912
23533,22668
13361,2349
789,17610
9135,3044
20637,22863
8082,24995
10149,2672
4787,18130
7836,7474
7612,10709
18063,24
10975,21636
21454,17610
13972,21965
11903,6533
22175,25213
3520,17570
19181,6791
11762,18284
3419,24997
13269,17610
22769,17610
7969,11088
2946,6533
7763,10709
13688,6533
466,21965
9315,3074
22890,15341
15331,17553
8839,21025
1780,10881
14531,18120
4554,22912
15804,8125
15572,7559
21009,6533
11075,25351
17872,17429
24196,6533
13466,4761
25086,18986
15509,7314
22163,25169
2045,8329
19723,21965
19723,21965
24665,725
11531,12132
2132,9445
2771,3335
18277,6533
21040,8964
14719,15419
3854,21965
3437,10634
3570,21965
8049,2180
2273,25254
12014,20968
9884,12641
2273,25254
22361,2114
9620,15419
13006,10698
5747,20150
25301,3572
1946,413
1744,9811
25516,5130
24985,5130
24099,13383
8895,18130
15086,21370
3658,8853
17763,13201
6529,8206
13933,16388
15185,21965
739,18452
22475,3152
3350,15762
7527,14687
24556,14092
23493,14092
4145,14961
4145,21965
15185,15297
739,18441
21812,738
739,5671
8788,24180
147,16532
4145,12641
4145,12397
22475,21965
8884,21965
15391,23714
20065,14421
739,13261
3884,19874
13933,16388
2624,21192
3350,15103
18551,21965
6483,6533
23364,24371
5708,18329
1924,8161
25107,4299
5846,25154
19895,21987
4907,9800
21218,16240
19466,24511
4711,9102
20702,33
4317,15419
17171,21965
13724,21965
6880,24371
20609,2236
6207,21965
18738,9234
2279,23617
23365,14582
17143,12302
19178,18603
7261,24981
17486,12379
15300,12865
15300,24007
11039,20380
17829,15024
24881,21965
2640,19600
24185,410
17633,10913
17698,33
11905,10634
1705,48
14198,6824
9814,25447
20924,12861
7883,6533
12232,21965
12028,7694
9679,15
23762,18568
7692,21965
17205,24015
24122,5130
24809,1532
4835,4182
239,18346
4745,4979
24924,7902
20087,1699
17868,17662
14446,21965
8210,17610
24632,5609
21830,5554
8913,21965
11489,2046
2647,22412
9761,21965
5734,20498
11276,21965
21702,21965
5958,23740
5087,10709
6182,323
152,6533
22407,3111
403,16240
3559,9764
11965,13201
24579,16757
12036,15938
7104,5517
9062,2631
1985,7474
7737,15
477,15
19915,25009
12669,15
9889,595
7014,4869
24813,6267
21568,9144
2453,6533
12089,2
8806,10709
12398,2
21836,15731
22065,21965
15468,18270
15957,8964
2749,19332
4127,13753
15603,23708
17877,1957
7444,21965
21181,11145
12168,21965
21180,20599
2273,25254
11307,21965
21643,21965
1735,17128
2273,25254
23168,17128
14719,15419
23671,21965
17260,21965
5378,4615
23189,20827
1706,48
8068,21890
8137,22390
1624,22196
19725,22196
2953,5528
22475,21965
3350,5767
4145,7902
8884,24090
1924,8161
23689,21157
13969,736
5748,19801
14238,1162
5761,12379
20001,10980
17486,21457
11041,8160
19466,11809
3990,21965
15239,21965
19059,9336
7004,11231
20458,8267
3354,9102
18667,11298
19235,9280
2640,19600
17887,12379
24295,11959
14928,12379
17206,9102
11034,12379
25036,25250
28,27
18842,12379
14719,15419
3150,312
17633,10913
7763,3806
14198,768
20384,2631
20599,3469
8110,16240
20264,18675
5850,8004
14124,15652
3979,20952
8239,25451
13608,25050
10615,25447
19399,17850
6568,22912
860,11768
22175,6533
10204,6533
6421,6211
22693,14721
12150,4517
9763,20
22407,12587
15866,2631
11668,3938
4294,1105
8257,1221
20478,4341
21391,6533
22839,2
978,6660
7612,6533
18965,10905
9722,6533
22169,6533
8395,6533
18019,2631
6957,17610
17871,2
22252,19519
4913,8632
11673,19697
4767,733
25086,6533
7493,21965
6445,18124
12461,16240
16663,24333
19162,13753
3182,24848
21679,19519
19723,1699
13549,6533
16006,21965
5934,16240
20308,6533
9711,6533
16535,21965
15108,21965
7566,17508
8231,5157
7750,11307
2404,21965
6154,20482
12184,17128
2273,25254
5747,20150
21384,20816
23540,413
2273,25254
5378,4615
5378,4615
7368,3558
6299,15302
13204,5130
12872,5130
11145,12379
24616,11685
15636,11685
8765,17508
22216,23914
13859,23914
21319,24535
3354,21987
3350,9771
8025,10965
3350,1823
8884,21965
4145,1654
13933,21965
11067,15103
15185,22634
153,2938
22475,22953
7527,12271
4145,22790
15185,21965
7030,21965
888,6533
11406,21965
16787,5050
15106,7314
15391,6533
4760,4094
6449,6533
12799,6533
23191,10634
21334,25161
16414,9837
24719,16350
19466,12584
5761,18402
7657,2455
17645,21965
23983,12379
19335,12379
15149,18277
22284,12379
17770,19831
24719,20263
10980,21965
14881,21965
7321,21965
7321,21965
7321,21965
21259,21965
11231,24371
2603,21965
6514,12379
23365,14582
18738,9234
6878,13531
5300,21965
12373,5104
5561,10774
3047,15498
22503,24370
2973,34
19310,21965
23725,7220
17829,8344
17834,5973
14764,11626
3977,8571
24881,21965
11905,10634
11935,21965
11935,20380
11935,10696
11935,16772
14509,10634
2640,19600
11935,16772
11935,7166
10275,12379
5457,17635
24007,24107
13328,25211
16619,79
17206,21987
8926,9102
12865,16772
4561,21965
11640,20716
16086,9102
23111,12379
17633,10913
11905,10634
1487,6533
4261,12479
19132,21965
20765,11854
23651,6533
7173,5554
20129,21135
4265,24946
7915,13759
14446,21965
16699,19484
11278,14574
12254,19519
4143,23350
25179,3074
10883,2631
4320,21965
11762,6533
23790,6533
11359,6533
4154,21882
20186,21135
3335,7474
23480,21965
5549,21025
11276,6533
21172,15
12575,20725
10254,759
23825,21890
19639,11924
16706,2631
21343,16240
20198,6533
6092,17546
6824,11712
8839,20284
24866,15309
9161,22087
4404,17610
618,21678
4968,20007
9683,21061
16627,9284
21846,6533
510,6533
19253,1353
20217,17368
11626,21965
13616,12861
7010,5719
8749,8876
21040,8964
2940,7474
7677,16504
14655,6680
7848,16304
21246,19941
861,21965
2273,25254
5747,20150
9620,15419
2273,25254
209,21965
14777,16240
15033,23013
6299,12379
1421,18130
17055,11737
7208,5431
23401,1056
17908,3643
18322,21965
9266,6533
2184,6533
15185,16023
3350,5480
15185,10597
6007,7314
19094,15518
4145,3821
4145,21965
7527,13438
22475,22800
2431,19477
7232,21965
3950,12379
10275,1486
19466,16342
782,12379
19466,6737
20265,12379
16766,12379
19466,3582
3423,12379
23111,427
19335,1486
4249,12379
2853,12379
12793,16240
23315,23047
23365,14582
7004,19589
19873,3137
2236,21965
25149,21071
6514,12379
21700,11224
1366,11063
5445,6314
5846,12379
8926,21358
19310,21965
20166,12379
3977,19565
8960,5897
5292,5897
9009,4301
1080,10634
2640,19600
20602,12379
24756,12379
13902,12379
11609,21965
6997,21965
20624,12379
12054,4596
14177,12379
10663,23116
16457,18243
25283,17470
19670,2867
2716,6533
16625,9887
20701,18346
7694,16240
1956,21678
12748,2
23521,13258
1019,14830
20796,19088
18884,17334
19585,21965
12903,18335
851,21965
1625,24957
23822,6533
14147,6533
202,15
152,16240
14672,21134
16553,15
20479,8781
22516,6533
5427,21965
17331,6533
19162,15536
6239,6533
22890,6147
22175,6533
1563,6533
9023,16240
20802,14492
921,22313
9754,7529
23458,12051
7561,6533
8806,18346
24323,6533
15098,19759
17434,21032
19557,12451
16627,6533
20522,19322
1946,18270
10367,6533
8172,13753
8172,11607
18909,13753
25070,12379
16663,1699
4202,16240
20952,4659
8606,21965
357,6938
6679,6533
6364,23268
4562,7203
2273,25254
11069,20302
2273,25254
8960,21987
6791,5897
16370,6598
21246,19941
5747,20150
5474,5130
16651,5062
1744,9811
24295,12379
4145,6099
11024,17743
3350,6381
16966,22390
7527,392
22475,15103
22475,2418
4145,15791
22475,1529
8884,4416
19094,3952
4145,21030
3447,1870
8147,22390
4548,22897
9028,21061
12954,20977
7001,21965
3957,20977
21328,16240
1088,21965
15524,9530
11486,20228
11574,1162
5178,18956
12793,16240
25253,12379
6948,18793
4158,12379
16716,21965
685,12379
17008,12379
14907,12379
2455,21965
19466,17814
4625,12379
20602,18472
20015,12379
4907,9800
20001,398
24719,23850
19466,23703
21081,5597
20956,1111
19589,24371
2603,2236
17935,12379
5445,6314
16743,12379
24347,12379
30,25175
25,25175
12,25175
16,25175
31,25175
13,25175
19,25175
14,25175
10343,24370
19310,1700
2806,20824
11139,8124
6529,12379
21128,5897
24881,21965
20166,12379
2640,19600
21382,12379
23847,12379
7357,12379
12642,12379
15432,21965
11532,6533
21504,21965
22868,21965
8202,16240
1434,13759
10558,18346
21505,21097
15297,5554
1481,15
2971,6533
17620,21965
18815,5335
6301,5554
24176,6174
6092,6533
20648,23589
1012,19906
4143,19461
7430,17610
7943,16375
9161,6533
7008,16240
22665,2765
24925,6533
947,3794
725,4899
23708,725
7393,23281
21040,8964
23853,14777
2273,25254
2273,25254
21268,21965
14719,15419
6791,733
22912,8775
18484,19519
18691,21352
6514,20481
21522,15757
22860,5130
21207,17420
5756,10634
3503,8958
24347,18472
11067,16388
24015,21965
16973,16388
13494,2477
8244,21965
1196,24836
3447,23010
17246,22320
3350,6869
3350,21965
16936,22897
3865,21499
2679,10340
3697,21965
2236,5934
24719,12283
23847,18472
18830,12379
20624,21987
19466,394
24756,21987
14177,427
19466,98
14907,12379
19466,10499
15538,12379
3458,12379
2891,12379
782,21987
19466,15844
11041,20380
4869,15084
4869,3033
18076,15238
20956,82
7004,17543
20489,24377
20489,17210
20489,14742
13884,14139
16743,12379
2640,19600
13358,24371
14871,15934
11389,21965
7597,20631
15060,24225
7597,20631
545,9887
21679,2
16249,2631
3841,17610
12279,635
3979,1083
1532,22056
4835,4182
6139,7517
3859,2
10615,25447
22332,5130
2581,4033
1723,2839
7027,6533
6463,21965
13442,11827
9347,6533
10079,24010
24608,701
1364,21965
7098,2631
6996,23645
7940,15
1838,15
25072,15
21626,5360
11731,17610
25381,20619
25311,6533
15863,3653
18915,7917
18965,11513
9745,15
24904,7274
24774,15
20203,15
5549,16240
16252,21965
1143,17610
22252,19519
21015,3048
18158,17610
7748,25434
18227,14090
1379,10989
11033,7474
16102,9378
1019,6533
5822,6533
17924,16923
8501,18472
11792,21965
10367,14258
23492,1697
7784,12379
7969,1699
183,13753
13081,16829
13779,13753
537,13753
20467,21965
13543,1699
15257,8523
20113,17368
2886,5013
22672,19016
16535,21965
401,6533
5813,4085
12432,6533
6445,18124
6910,21387
15257,16240
9692,17102
10517,3087
14586,21965
6631,418
11072,19149
2273,25254
2273,25254
11342,4115
10331,18688
813,24267
18903,12379
13210,13006
10915,5130
22861,5130
25070,21987
17942,5130
24756,20481
24431,22550
19484,725
947,3794
21234,14249
3981,18388
21234,25507
3350,18524
25202,11712
3350,19318
15185,8720
4864,6533
17099,6533
22475,6985
15185,21965
22475,21965
8884,19735
9756,6533
7527,11623
4145,16346
25053,22897
7607,22897
15564,6533
8356,6533
14055,6533
14048,21965
18484,17244
3377,20591
7208,2541
7208,21965
24719,25527
21183,12379
20265,12379
18542,12379
23162,33
5124,12379
4907,9800
21875,12379
18223,12379
14907,12379
20015,12379
19687,33
12642,21987
25040,12379
16743,18472
12793,16240
18830,21987
24719,9544
15538,18472
13456,12379
4625,12379
15239,21965
2105,19892
20956,6452
1148,21965
2105,14607
13172,8052
2512,18188
18563,12379
24287,23623
17543,24371
18738,9234
18738,9234
2230,18475
5445,6314
12875,12379
3045,12379
21723,1699
22413,1699
19477,386
200,5897
1488,12379
3438,6533
24881,21965
2640,19600
13531,12379
25427,12379
11128,9102
6768,12379
5440,12379
5053,33
3150,5792
15257,8232
12486,1699
18544,15103
22555,8882
13215,6533
8239,25451
21964,15
19322,21965
12578,5554
4338,9435
13972,21965
7756,5952
17751,18406
9767,6533
21039,10162
5439,4710
3286,15
18714,21965
14174,6533
18403,15
15394,7474
16023,15
4170,15
19585,21965
2418,15
1564,7474
9341,15
5923,19519
11549,15
8606,22389
14919,15
21505,12379
10629,18346
12104,6533
515,21965
2401,15
9993,7912
1373,6533
17413,7474
1891,15
17043,25373
8363,2
5286,7474
859,18387
2975,15
22421,16240
10073,17610
19608,6533
1625,6533
3138,4196
22186,6533
12671,15
11685,15335
24103,11685
4246,24613
18255,1005
23218,13675
20308,2
20944,7141
17453,6533
20591,21965
21065,1700
6563,6062
5261,25204
21040,8964
25427,21987
25398,6533
17097,5130
8646,13675
21827,6869
22479,11530
23130,21965
18565,21965
16908,21965
10482,17419
18985,24594
12014,20968
17525,21965
11695,17552
11072,19149
11503,17919
12088,18612
12088,18577
23717,12302
12184,17128
2273,25254
2273,25254
21234,14249
5747,20150
23185,12379
6514,12624
23170,13790
1744,9811
7784,21987
21875,20481
6768,20481
24811,3589
20038,19760
15185,21965
23267,24811
20461,24811
24811,16240
1781,22390
8884,6846
4145,7314
3350,15600
4145,7641
24811,16240
3350,5104
22475,8456
3350,22313
7527,2499
14212,7447
24811,21965
24811,16335
8884,756
20793,24811
24811,21965
8884,21965
7232,21965
4329,19582
5756,10634
3619,2226
7004,24578
25009,11391
5149,6533
23365,14582
23365,14582
13531,18472
20814,12379
1488,18472
3877,12379
19466,15031
24184,21987
15538,12379
18542,21987
14907,12379
3045,21987
5440,21987
20265,21987
5124,21987
21183,18472
20702,33
2622,22078
4625,21987
18223,21987
19466,14850
13239,16346
14719,15419
2105,11483
24347,12379
1733,10634
19310,18746
1556,24981
11128,21987
12875,12379
8571,21965
24881,21965
13838,11935
11935,21243
11935,4703
11935,16772
2640,19600
11935,24412
11935,8736
8929,12379
9547,12379
25175,24354
9389,410
12986,21356
154,12379
11609,21965
4549,12379
17698,33
8,6999
3150,5792
6729,6459
9977,13108
13416,21965
14140,6533
14198,5220
9977,13108
5733,21965
20263,17610
20479,2631
14147,18402
11236,19798
23884,6533
82,8167
1940,568
21568,7902
20688,6533
9788,15179
20753,2631
12378,3742
12154,17610
23137,4196
23470,2631
15097,7640
23356,15
577,5554
22652,3254
16534,21965
16989,10881
587,21087
25158,7474
15804,2179
19398,13006
6360,5028
5822,6533
22958,21882
15863,6533
9625,6533
24997,8115
2292,13059
21499,12823
11342,6533
22580,9144
23346,23649
11262,139
10367,14008
6789,24028
10698,7474
20177,13753
20177,9273
2100,6062
8070,6533
18334,10881
9266,19519
18484,22138
15108,21965
2273,25254
9868,21965
18910,21965
2273,25254
11839,21280
10378,12379
3865,21339
24578,24371
14524,12705
8864,5130
18542,20481
25305,22
3045,20481
19873,8965
3648,14564
3350,21965
15185,11988
3350,15449
24811,21965
4145,16240
20065,6533
8884,19686
4145,18185
24101,21965
10348,6974
18738,9234
4907,9800
24719,21716
20814,21987
24719,3663
11743,23425
154,18472
14907,12379
24184,12379
17272,12379
24719,17512
12875,18472
4549,18472
20015,12379
13724,21965
8356,21965
9014,21965
19565,21965
21723,20380
17519,9102
20166,12379
2640,19600
17887,12379
9118,6546
20066,21965
5984,12379
1310,20380
1310,2930
1310,5177
1310,20380
14038,21303
14085,9102
14133,14182
12642,12379
44,12379
22355,9102
21624,12379
17633,10913
21984,25531
1083,13496
1111,4991
18141,17437
10449,21965
23347,25050
18544,6135
20524,1699
23645,1767
14198,21965
13035,6533
6305,21965
19670,2867
13655,21965
5477,6645
6463,6704
22291,2041
19730,6533
8210,5130
19204,2
16985,6533
7556,15126
550,24
2852,5554
6451,2970
6846,6533
18475,7365
515,13675
25368,6533
20223,16240
10102,5554
12734,9882
2269,24309
4474,19519
963,6533
15768,16027
21046,13006
21945,6533
3362,7474
22148,12952
6763,12474
14346,25436
25526,16240
10926,6533
23822,6533
3839,15636
1364,21965
9763,20
17278,6533
20085,1699
6789,18614
20087,18402
23045,1700
7724,19519
3760,15103
3760,13753
21679,19519
7715,24691
24093,412
3941,1229
19308,21815
4535,6533
14840,21965
13078,17610
16535,13071
4451,6533
24295,12379
3697,19494
17669,5130
14719,15419
2273,25254
12014,20968
5747,20150
2273,25254
6698,16240
11821,21965
4334,19271
20814,20481
7694,3407
435,21505
22475,24594
4145,8336
24179,16388
17519,21987
14085,21987
25314,25154
22475,8900
22355,21987
23441,25154
24577,25154
5683,25154
3350,21157
3350,12641
7527,47
10257,25154
22475,11156
8708,25154
7232,21965
399,8161
6587,9839
15633,6533
7208,21965
7208,18268
5984,18402
18905,12379
7416,12379
11041,20380
14907,18472
11743,12379
19466,8710
17272,21987
20015,18472
23149,12379
24719,6167
7508,12379
24719,1311
44,21987
20228,6533
5797,6533
21081,19982
7942,18337
10692,4196
10637,21965
23120,21965
8175,15777
23365,14582
25139,1699
6088,12379
19223,61
15632,12570
7004,2011
15300,15528
15300,12630
15300,15994
15300,9366
15300,650
2823,5897
24881,21965
2640,19600
20291,10634
7489,20824
17887,12379
14927,21965
11935,9053
17680,21965
11935,382
11935,11461
11935,10372
13327,21965
11309,21965
628,21965
6227,21965
11935,5763
11935,1401
1185,21965
9325,21965
16770,21965
11935,12064
14084,21965
11935,13089
19804,21965
11935,17717
11767,21965
11935,16348
22677,19024
11935,5467
20166,12379
11935,9609
11935,18471
11935,14146
24826,21965
24849,21965
10699,21965
16458,21965
21033,21965
17452,21965
23717,12302
15213,12379
24756,12379
14439,3169
17633,10913
23683,3558
3150,5792
9620,15419
12126,37
12494,9882
5960,6533
9394,21965
11474,18695
5167,21229
805,22935
5671,23055
23617,21801
19446,6533
14346,25436
21353,2068
11474,18695
12068,7474
8849,19519
1666,6647
1951,7474
10501,2
18965,11513
6359,6533
10303,21678
7212,25207
23788,7559
21343,13675
9970,13919
6092,17546
24955,8400
8267,21965
8434,7255
12055,6533
3287,6533
8807,17610
25069,7474
25140,8742
15642,4162
6463,25285
20569,1393
2842,733
8867,24608
15930,2182
24901,15645
20467,21965
21065,1700
8205,1699
25301,21965
12267,22101
808,21965
8749,8876
24734,20764
15585,15346
22512,8028
9682,21965
2273,25254
11307,21965
2273,25254
22912,656
25264,6533
214,23914
14387,11390
21352,24
13011,21135
6147,15341
21624,21987
20015,20481
4145,15013
3777,2431
24811,20380
6007,16772
8884,23234
15185,8455
18879,6533
3350,8336
5947,2431
23890,11429
3350,7356
13933,16388
5350,15103
6977,15225
25009,11391
25372,12379
4711,9102
9361,6948
19466,9659
4907,9800
15213,18472
11919,6948
15176,12379
25312,5481
19333,9259
6593,12379
19466,16353
2031,12379
19466,13206
19466,18937
24719,21312
24719,12060
15239,21965
23149,21987
24719,12030
1224,12379
18905,337
19466,15991
10257,12379
5942,12379
8708,12379
24719,10481
6088,21987
572,12379
7872,6533
3281,21061
16948,18109
19746,21965
19817,4797
11266,6533
5445,6314
14415,19177
11784,21965
2011,24371
2640,19600
17887,12379
11935,16696
9777,21965
22697,21965
11935,17457
11935,11791
16959,21965
11935,10918
11935,22179
11935,18633
11935,21824
581,21965
11935,2102
18144,21965
20868,21965
3837,21965
11935,8089
3976,21965
11935,1937
11935,8576
8474,21965
13541,21965
8465,21965
17497,21965
7518,21965
11935,23602
11935,24573
11935,13593
24465,21965
11935,3655
20559,21965
11935,17612
10296,21965
11935,1943
5039,21965
4132,21965
2514,21965
11935,25006
14932,21965
11935,14025
6117,21965
11935,8780
1825,21965
11935,1026
4093,21965
16119,21965
11935,22092
24805,21965
20707,21965
11935,19752
11935,8458
19007,21965
7932,21965
11935,10764
11935,4593
20361,19645
15037,12379
20983,12379
12126,37
19089,21135
13986,15
10449,21965
10615,25447
12232,21965
236,17368
11474,18695
11474,18695
15251,17610
17762,23084
16997,2631
2485,17610
7055,2631
15098,23290
9761,21965
24861,21965
11276,21965
6071,12681
8295,1399
21115,18284
8052,18269
14429,5554
6452,24607
14134,5181
18681,21678
21830,8730
1364,21965
24772,9144
5337,6533
14230,18270
11474,18695
4246,1699
2300,13753
20238,6533
20467,21965
19355,16964
142,2108
24708,19645
19096,6062
21040,8964
1694,21965
2273,25254
2273,25254
16559,345
12823,20599
4624,12379
18903,23013
3275,16240
24604,16886
25175,21109
9266,6533
1219,12379
23033,22948
4145,7479
13933,21965
11429,6580
4145,387
3350,21965
3350,21965
17628,16240
22475,4108
8884,21965
7527,11367
22475,21965
1856,21061
19414,3624
6147,14400
17887,4340
23830,6788
15239,21965
1072,12379
24719,11086
11743,9259
15149,2054
8213,21522
15176,21987
572,21987
18738,9234
21957,22800
24216,21965
7004,3768
10601,2236
20704,18603
24140,12180
15300,21965
15300,21965
15300,21965
15300,21965
8802,6724
20983,21987
2640,19600
11935,13178
22427,21965
11935,24870
23415,21965
11935,7796
11804,21965
11935,6986
939,21965
11935,21650
11935,25482
11935,9460
11935,16632
3987,21965
14629,21965
11935,22622
19736,12379
23717,12302
15037,21987
23683,6533
17633,10913
18577,6287
2738,2631
932,5130
15059,21965
20524,1699
21732,15103
8239,25451
10635,6533
3448,1478
883,17610
1434,23799
3933,22390
23346,6533
16350,5952
13215,6533
5156,16240
577,5554
17705,16090
4058,11153
6517,6533
9642,6533
1170,6533
21923,8309
14252,12871
11063,23741
23234,7474
10629,21987
16805,16772
15968,17610
24955,6533
4277,21882
23617,12379
7613,6533
22291,2698
20645,3099
5269,18502
6433,24608
7299,2631
16133,17610
6905,6533
7542,16705
5631,6533
16645,21678
15209,20829
14474,18130
5441,3277
663,18346
7906,7482
183,16448
3198,6533
1249,22912
25330,16935
4546,19519
21894,13006
12367,21965
12466,2099
12950,17368
5746,14713
7838,13753
14350,8380
12036,13753
24002,13648
12551,21965
8611,14559
11801,11172
841,2018
8484,6062
15594,12379
21171,8964
15585,6062
2273,25254
2273,25254
7871,23536
22912,24125
15335,17128
18418,7854
10989,17128
25378,12379
8646,2099
8974,2631
23250,5130
3438,18472
24607,4511
10499,5130
8083,5921
2261,5130
2814,5130
1744,9811
12474,20599
12359,25009
15633,6533
4820,12379
7527,25030
3350,7314
22475,11419
4145,25473
3350,6969
22475,21965
24811,20380
22475,8336
6007,10858
6007,2427
18907,2631
18188,12224
22778,19922
23946,15
7444,15103
19201,16240
23830,22390
25312,21987
7208,22879
7208,5364
7208,19413
4423,6758
25070,12379
10100,21965
25040,12379
1072,18472
24429,12379
19736,18986
17139,12379
23149,12379
11743,12379
4907,9800
19333,12379
17519,21987
20956,12509
14881,16240
6261,21965
23382,6533
3589,413
17143,20968
23365,14582
1393,23860
562,12379
18983,21965
3768,24371
22074,11492
24732,5897
11434,5897
4478,5897
4288,53
21874,21965
14923,9102
2640,19600
11935,18567
11935,1541
11935,9081
11935,10696
14509,10634
11935,2185
11935,20380
1923,8850
20361,19645
5607,12379
25076,21303
6647,3452
19207,12379
13395,21987
21624,12379
23287,12379
17633,10913
12126,37
3150,21426
18355,11928
3407,16240
23949,8079
19996,9875
19670,2867
20399,24968
13972,21965
16814,21965
471,3833
15098,19759
14283,12739
11382,19519
1364,6533
3527,460
24772,9144
4668,24041
25162,24
13015,13753
6275,17610
21632,17610
11245,25047
8775,13415
5903,7474
15774,20961
6071,2
5250,25161
2262,24
11997,3355
16304,413
963,19721
5970,15
1447,6533
19608,21965
3092,16240
24097,11488
4320,21678
4838,15368
7854,8604
12359,5208
8248,21965
19572,23729
14909,6533
20467,21965
21813,20638
3606,7474
17795,12605
15108,21965
5607,21987
2273,25254
2273,25254
22912,16882
14992,12379
11434,18472
24204,18270
10446,18986
2097,13809
21844,1588
1501,17145
23892,5130
5011,21987
19,21987
16,21987
25,21987
13,21987
31,21987
7481,18130
25175,21987
30,21987
14,21987
12,21987
17160,5130
20164,5130
16651,5062
5357,21965
16951,20167
1219,12379
11833,12379
7004,16268
4145,20277
3350,16240
15185,21965
4145,21965
22475,21965
4145,16240
3350,16346
22475,20964
3350,21965
7527,16477
8884,21965
19411,6533
3870,3282
13629,15706
22346,1699
16343,21965
10597,17046
19466,24825
19466,20305
9741,9102
23287,21987
3990,21965
19207,21987
3589,15341
17139,18472
19466,3094
11041,20380
16426,5554
17519,12379
15149,8353
20992,21965
841,2018
6261,21965
14454,17479
3503,3430
4840,4179
24370,23348
3045,12379
5445,6314
12061,12641
2640,19600
17941,11996
14923,18472
15988,3668
1310,351
1310,5104
4711,12379
9376,21965
12126,37
44,12379
22355,9102
9620,15419
17633,10913
25437,23627
14719,15419
20524,1486
17581,6135
13053,15
11615,21372
10615,25447
16733,6533
7198,6533
5327,9092
19767,12379
11250,16240
10459,6533
22375,6533
21182,5932
10777,21135
8362,21965
13983,16868
9070,2099
11063,9764
15488,17610
20193,21656
1367,1914
11290,2099
3685,7474
18416,4813
5208,20640
10404,5897
5822,6533
2740,14036
14174,6533
7464,25184
22136,1518
20196,6533
10598,16772
10479,16240
656,17610
11512,19877
21062,10233
15257,4733
9551,21965
13224,15
20467,21965
12740,11153
12548,20599
8882,20599
2273,25254
2273,25254
15936,24980
17572,6533
21409,12379
21844,12379
19625,25050
19207,20481
14507,5130
1365,12379
44,20481
1744,9811
3589,20481
12360,5130
17525,8298
3350,19580
22475,21965
8884,11165
22475,21965
3350,7782
22475,7314
4145,21965
10071,10880
20100,16388
17628,16388
16268,24371
7232,21965
2962,1950
15425,21965
1720,8803
24703,16640
19466,12513
10267,21965
3990,21965
19466,6979
20001,22286
11041,20380
11802,12379
22010,12379
4711,18472
20814,12379
21763,12379
8490,24863
5233,12379
1200,6533
16464,10467
15843,12162
8926,9102
9389,9826
5108,20824
7237,12379
8711,5897
2640,19600
1228,10634
17633,10913
14509,10634
22790,10208
13732,12379
9111,19818
1487,6533
6298,4888
19595,21965
16419,9303
4416,6533
18752,23593
11352,24658
15141,5952
13872,15103
12630,5130
24153,11959
10034,21965
20877,14181
9787,21965
18298,24279
23084,617
24617,21882
1708,21678
17144,63
1572,15
825,7474
3379,7474
10131,6533
16493,24
3919,7474
22175,4695
19915,17796
501,21965
8363,15148
3311,12507
663,18346
8267,10100
4656,1325
15853,2631
20526,218
6431,22313
2406,23015
18475,7365
14747,6829
265,17659
11035,14758
21798,15
12406,15
23937,15474
20014,6533
23214,15
17880,19798
1808,21965
1157,6533
12462,18568
15209,6533
14230,6196
14258,6533
621,17166
12829,12379
5934,15683
20308,6533
19697,13753
975,6105
24385,13753
17548,1700
18192,22637
20944,7141
15963,21965
10277,7117
7282,7117
12774,7117
3438,6533
8535,7461
8535,7461
12433,24033
2273,25254
12014,20968
8170,21965
18300,20895
8663,21965
13226,5431
5067,14326
24157,17462
15633,6533
19997,18346
14139,9704
4711,20481
15552,5130
20479,5130
13605,21965
13366,18851
18733,18956
8884,3476
1480,21965
3350,20822
287,8169
22475,18955
18328,21965
5929,8169
15185,25016
13645,8169
7527,9776
4145,8336
17937,21965
8884,21965
5978,21965
1593,8169
1122,8169
22475,21060
21901,21965
10626,8169
15185,21965
4145,14813
7527,14565
7448,21455
24811,473
14477,16240
15838,21965
17882,8169
20891,8169
24811,1574
4145,15336
3499,21965
24830,6533
9332,4043
13933,16388
6115,5571
12143,24386
17628,16388
13629,6533
7970,3247
7208,16200
8080,12379
19466,22538
19466,642
13732,20640
19791,12379
20356,12379
8890,12379
18370,12379
9136,12379
18595,12379
5233,21987
22519,12379
1072,12379
3603,12379
1365,20640
7004,10002
3581,530
2784,21474
16502,10688
17429,23820
23658,21965
24140,25082
24140,16240
23658,21965
12677,1508
5445,6314
21723,1699
24627,12379
23386,5897
2739,5897
2640,19600
2004,21965
20733,12379
23654,15346
6818,12379
20736,21965
20580,21965
17633,10913
14952,16816
15060,5792
407,6533
14948,15
13441,21965
21820,21678
7692,21965
12155,10948
10781,11607
22540,13753
15833,10447
21467,10164
21042,25161
25114,6533
10971,16485
15863,6533
24531,3277
12073,6533
7758,18402
6451,2970
19508,3873
17255,2760
22148,12952
9953,4011
11687,22937
6324,5554
19006,6533
9944,2631
12226,5554
24772,9144
19802,12918
10809,18788
19729,5057
2269,22953
15210,18284
19967,18346
16087,6533
9664,3277
17086,3277
11812,7274
10964,6533
23823,6533
13151,3277
1113,2631
8362,21965
9081,6533
7440,21965
8523,16240
12551,21965
9787,23434
23329,17397
14423,13753
24218,19519
13245,13753
3760,13753
20467,21965
16643,22349
6928,21965
2273,25254
2273,25254
5067,18130
23386,4666
22531,12162
894,1732
12829,21987
23309,5130
9136,20481
15790,17610
23654,12379
1999,8169
17445,8169
8263,8169
1194,8169
8884,24616
15185,21965
17747,8169
3350,9849
20584,8169
3350,12175
18215,8169
3350,21965
4145,21965
3805,8169
14349,8169
20947,8169
1002,8169
13971,8169
22475,8006
22475,8448
11176,612
24811,16240
13392,22196
3702,5767
1876,1861
13933,21965
13933,21965
6153,21965
18311,22196
21427,22196
4329,22641
3320,19801
1206,21257
25235,19519
23382,6533
19466,5176
19466,3578
19791,12379
20733,21987
24869,5481
4907,9800
22519,21912
3462,12379
23593,12379
6818,21987
24429,12379
10002,24371
21700,24290
9249,22230
368,21965
18222,22986
5445,6314
5855,1312
7237,12379
2640,19600
17858,12379
13395,12379
25200,1699
17633,10913
23287,12379
21984,18977
8239,25451
12679,15
14198,11300
728,10881
23478,18959
8789,21965
9989,9882
22612,21965
17294,9216
23673,21965
3833,16935
17837,6533
4888,16705
8052,20243
7906,15103
860,24
16969,8600
18122,6533
6152,6533
25368,6533
11236,22752
11753,10129
23618,7559
9761,21965
9087,21061
12632,6533
13800,6533
16897,18472
12036,3940
2581,413
18465,23657
22186,12641
19915,2925
10370,14712
5935,21678
11510,15804
2142,7474
19607,3277
25428,18120
886,3277
3452,18130
23642,17659
19280,12379
3865,14986
9244,13753
7937,10634
20467,21965
6578,412
15636,11685
14891,20599
15917,21965
2273,25254
6217,9018
18557,15558
2273,25254
12184,17128
13006,18954
11839,25000
12184,17128
24869,21987
1219,12379
11307,21965
11839,8336
6167,5130
22519,20481
6843,7829
6856,23013
24138,24353
16895,15154
10378,12379
18234,3624
8490,24863
22627,15681
11001,23852
3022,2
8884,11714
4145,16776
7527,10574
7527,7537
15185,11401
7527,21354
3350,12631
22475,12717
3350,5431
15185,18590
15185,21965
3350,9313
22475,13203
4145,9880
4991,22390
8884,21965
3350,16240
25340,10858
19411,6533
11406,21965
4145,5079
18651,10858
18233,10858
7237,18494
5077,12379
23769,10858
570,22390
3725,21965
8280,10858
11780,10858
4991,10305
24492,21965
22803,16240
24487,24191
23335,19586
9509,21983
15425,16248
7004,24129
17151,14670
24719,14066
19466,3180
19791,21987
19048,12379
1518,12379
24460,12379
6478,12379
19466,2917
24429,21987
956,12379
17858,20640
24627,21987
6841,1610
10692,4196
18643,15103
17143,20968
2640,19600
12495,5897
21446,7314
11935,20380
11935,20380
11935,23859
11935,17741
20961,12061
1923,23517
4039,12534
11609,21965
6997,21965
19796,21965
13395,12379
3150,24147
6672,6135
5927,1056
16477,6489
17104,15346
21823,4677
22393,6533
3979,24433
18492,15760
8985,15
6124,21965
11834,22156
6936,8161
1936,3780
6456,3742
12900,8964
25273,11607
19081,24
7552,6533
24853,22912
6524,19519
8265,6533
607,14687
25170,12388
11835,733
10184,21965
17692,2
9776,24411
9879,3079
15209,6533
10975,8964
12402,8994
5784,8431
11444,34
4884,23534
6846,6533
18965,11513
18475,7365
15846,7154
163,3203
1036,1547
11465,6533
13400,733
7969,11467
3033,5130
20180,25263
23234,6411
20949,22243
10809,6533
12317,21965
16351,20282
7444,21965
11499,19542
7444,21965
12723,21965
1201,15346
11612,15103
19618,21965
23853,4299
17548,1700
20467,21965
23367,633
1300,11127
10456,14389
5385,21965
6563,21987
2273,25254
2273,25254
12495,21987
15982,21965
5067,24
392,9412
9884,21965
25378,12379
13723,12379
21234,14249
21234,25507
9018,8604
2327,17508
19280,21987
650,5130
3350,7902
15185,10250
3350,17495
4145,21965
4145,4796
22475,20447
8884,16853
7527,11546
8884,20655
21120,8336
67,16574
6520,22390
14290,21132
19922,6538
2431,21965
14982,6533
813,6533
7208,10211
7208,21965
7232,21965
10378,21987
23272,21965
24129,24371
3990,21965
24719,11871
11041,20380
4907,9800
24460,21987
19048,21987
16275,13818
6912,12379
23593,12379
6478,18472
956,21987
13461,22656
6305,13967
24140,24449
5571,5120
2863,21965
19366,13422
21723,15906
17398,12379
14125,7620
14541,5897
8711,5897
2823,5897
2640,19600
15308,21965
18342,5431
12534,21965
8765,17508
19993,12379
12642,12379
18717,22390
17633,10913
17633,10913
15060,17290
2784,22390
12828,1883
19670,2867
10615,25447
3624,21965
13321,6533
8826,21965
23418,21965
21830,9442
11220,24462
13394,16240
9087,6533
19754,15
35,21987
7758,6533
19162,9785
17441,15
677,14572
3181,20785
20101,17610
24988,4905
15097,7640
19626,5012
2674,1414
14573,6533
9794,20780
8638,6533
11933,7474
19406,22156
16255,6533
8746,22389
18693,19877
20778,24
178,4396
21222,7474
9879,6533
24231,2
5208,20640
9326,9678
7595,6533
10164,21965
10039,21359
24021,12379
3551,1486
12211,21965
20446,21727
19647,21965
15041,1699
18192,22637
727,5130
20308,2
15257,22938
11046,18400
11843,13401
2273,25254
2273,25254
16559,23987
8711,18472
14541,21987
20826,6533
18903,23013
11652,21965
23960,5130
23593,20481
956,20481
12642,20481
14986,8604
3350,15375
8884,12419
22475,783
8884,13125
22475,13010
3350,24724
4145,20660
3350,404
7527,7593
8884,8270
24811,23245
7527,19931
15185,7283
24811,1812
15185,3398
8884,19840
24811,12678
15185,22414
4145,16240
16973,16388
24811,21965
12852,15329
4145,2086
5110,5777
23654,12379
10378,12379
20662,25394
325,1732
21255,6533
3865,20497
19466,5992
19466,11191
21695,12379
6912,21987
14781,12379
17519,12379
8350,12217
6841,1610
6489,6112
6489,20942
6489,14591
3058,12162
24435,22424
7004,4772
9846,21965
20224,299
20845,5897
5108,20824
2640,19600
1310,23566
1310,22298
1310,5718
1310,21965
552,12379
21305,12379
17633,10913
22355,9102
17633,10913
9255,11504
1121,15
15054,6533
14882,6533
5935,21678
15238,14397
18915,3689
23028,6533
577,22758
14834,6533
5470,2631
9326,6533
18368,6533
1204,6533
20896,17610
12283,17610
11896,17610
3933,23060
15500,6533
5393,6533
8362,6533
11132,23192
19040,20234
18186,22549
16538,25015
2915,7529
4294,1105
10376,6533
25273,6533
18475,7365
22733,6533
218,15740
17443,15346
12313,5130
15257,14611
17795,12086
16881,10709
9531,20779
6474,15346
20497,8604
5258,21965
2273,25254
2273,25254
1093,22200
20845,21987
25305,16240
14719,15419
19137,21561
3409,10709
10051,1732
15633,21987
4624,18270
23850,17610
14781,20481
14798,4452
1744,9811
1424,21157
6912,20481
19895,21987
10378,12379
17318,19710
17318,19539
3350,21965
17318,17301
17318,8817
17318,23267
17318,3539
17318,12356
8884,8757
17318,5658
22475,19121
17318,8707
7527,6475
17318,23063
4145,2146
17318,2551
17318,19273
3350,5692
17318,16788
22475,16346
17318,17958
15185,1752
17318,17674
17318,20109
24811,19094
24139,24951
17628,16388
6036,15103
11176,23395
19922,6533
21334,25161
20228,6533
15239,21965
20356,12379
8455,12379
21305,21987
4805,12379
3990,21965
1518,12379
17251,12379
18076,19982
7339,22414
12297,12162
18337,16128
17520,1415
4772,24371
17716,21965
8335,18772
4647,12379
5445,6314
17398,12379
55,54
55,54
55,54
6681,10062
14541,5897
4478,5897
6829,5897
2640,19600
1424,8228
3066,17007
15300,16240
9826,8424
13395,12379
17633,10913
14719,15419
10663,17638
10663,20224
10664,7905
2819,17577
23819,18821
23815,15722
21344,5873
21263,7887
25128,16240
24203,6533
16897,18472
8928,18568
18195,9144
16969,8600
24482,16878
11584,5554
11025,16240
8590,2631
5991,4272
16811,18338
16971,21678
3833,1909
22294,6533
10558,18346
7286,14369
10173,5050
19915,21386
5208,20640
24231,19519
23309,15
12871,6533
8748,7005
8997,13947
8250,19714
17777,17610
3730,2631
16812,22618
13015,21882
233,18270
16221,13747
14397,8604
12359,2925
7283,20599
20467,21965
813,6533
19378,12379
9558,15103
17830,24181
5385,21965
2273,25254
2273,25254
5340,2631
4478,18472
20319,21965
7208,21965
7208,24679
7208,21965
23654,12379
1744,9811
14289,12975
2327,17508
17318,23283
15185,8348
7527,12770
17318,18760
22475,6869
7527,23968
17318,24896
17318,23813
22475,21965
15185,7923
8884,23343
4145,5612
17318,2561
17318,6900
4145,24130
3350,1768
2938,6533
17318,10908
22475,7902
17318,3731
3350,5627
17318,22303
17318,3464
8884,1552
17318,20445
8147,15770
22475,11551
7004,11301
5797,6533
19466,1477
19466,21346
25458,12379
19466,15319
19466,14883
24719,1925
19466,8444
19466,308
20265,12379
4907,9800
17447,12379
14164,0
11802,12379
20356,12379
19691,12379
4647,21987
9249,8214
18738,9234
4947,12162
12373,5431
5445,6314
11485,8287
2640,19600
20224,5897
10643,21987
16850,12379
3066,17007
18981,21965
18193,12379
18262,12379
14952,16816
15060,7239
9620,15419
8635,11753
8635,11753
18937,17610
6280,1732
20226,15
4085,24554
14517,6533
10664,7905
14198,4022
23245,15
273,10339
16733,6533
11646,21965
8239,25451
9979,17610
10615,25447
23171,5554
11655,5554
10599,15548
19713,4761
20533,5130
7366,1699
22103,5130
81,6533
21443,14682
14461,6533
13009,19519
15774,20961
11906,458
23933,20277
22960,21965
1333,16336
6595,25384
23350,7683
12915,17448
6170,6533
6909,9882
5533,13813
19508,18346
13965,24519
21329,7570
24385,8400
1170,6533
5202,21965
13076,19827
7782,6533
11236,19798
12941,12951
14417,20287
15804,6533
22064,4109
12175,2631
1055,9144
25113,2631
8746,9445
1201,6533
13972,21965
3058,7154
6789,22099
16830,1699
18192,22637
18786,21965
3760,13753
6664,21965
6664,13753
20467,21965
21181,9713
20352,13707
24734,20764
18418,19139
2273,25254
2273,25254
4175,15103
19542,16240
25527,17610
1744,9811
17447,20481
4145,19220
22475,986
4145,15103
3350,16781
22475,9851
17318,2667
7527,19566
15185,3961
7527,24154
17318,20079
22475,21157
4145,10911
17318,23280
17318,24588
8884,18392
17318,25183
17318,10448
22475,1915
8884,17388
24811,2328
17318,6008
3350,2675
15185,3483
8884,12326
17318,2208
15185,21965
8884,3072
17318,7463
17318,14143
17318,1899
17318,11014
17318,16582
17318,20230
17318,10910
3350,10493
24811,17318
7527,19013
17318,556
6993,22390
10521,15931
11176,3740
18262,17444
5756,21987
20484,21965
24719,6246
19466,3406
4805,12379
2622,22078
8973,12379
17094,12379
2105,23121
13172,6707
11001,18877
11301,24371
14289,12975
12048,10747
16636,21965
16760,24851
16760,1099
23365,14582
5066,21965
21163,9102
17398,12379
2640,19600
18424,11626
21555,21987
11935,18759
11935,15906
11935,16772
11935,17909
1805,16772
10126,21965
5833,13888
11609,21965
3066,17007
13395,12379
3663,14371
17633,10913
14719,15419
15060,20741
9849,21678
19670,2867
19250,12641
25144,2547
10731,20918
6325,15
16335,19016
807,5130
15107,12379
8776,16240
15326,21025
8638,6533
8020,17862
9761,21965
4506,15
14786,7474
22187,7967
6782,21987
25128,6533
10985,24190
20082,16724
21080,15970
18895,2427
9798,18005
7235,22758
12632,25257
21769,17610
4254,7474
9709,15
19967,15351
18186,22390
19956,19151
20289,6533
2971,6533
15863,6533
17426,19519
15042,6601
25236,21835
3231,10746
19917,8055
5208,20640
12545,6533
19939,16240
390,2093
1489,2
13018,17242
9547,21987
4246,1699
14834,6533
7838,13753
13286,16160
4781,21965
20467,21965
11664,1699
18684,1699
14554,25484
23229,21965
4943,21965
2273,25254
2273,25254
3854,21965
7350,16240
13006,16939
24433,6459
23576,5130
4805,20481
19438,5130
11418,5130
11685,535
11685,4185
16951,20167
24811,21965
24811,21402
24811,16545
3350,16975
15185,2944
8884,5701
1186,20287
16574,16176
4648,21965
8047,21965
3350,15103
19922,22778
526,25161
13819,1700
4329,16476
4307,8033
9746,12379
8549,1732
1206,9411
5364,907
1597,16444
1924,8161
19466,23948
19466,11891
19466,8737
24719,5916
5843,12379
15554,12379
19466,5313
3603,12379
8890,12379
4538,12379
4346,12379
17398,18472
18370,12379
8973,12379
25389,12379
20356,12379
2754,12379
8971,12379
10294,5481
17094,21987
19806,12379
14150,12379
23698,12379
24402,12379
4869,19643
18999,6533
19489,21965
7004,23136
14289,12975
18738,9234
1041,1313
18858,10050
21723,1699
22413,1699
10453,21965
2640,19600
13733,4340
270,25082
3066,17007
4632,12379
6647,6503
21555,12379
18717,22390
17633,10913
17633,10913
21984,8276
12211,16240
6167,17368
18497,4447
23017,21965
14198,21717
23949,8829
22207,4723
3848,16240
18535,21965
11440,6533
203,6547
2581,16629
2957,15
18195,9144
13114,15
10629,18346
7253,16338
10767,24381
12146,15
18954,6533
23731,21135
23028,21987
12075,8936
16812,22618
23859,6533
2436,8389
22499,2631
13652,15
4448,18845
14066,17610
909,14442
7659,21061
5461,2093
13867,78
15836,6533
16897,18472
229,12918
811,15
5647,9441
21676,22912
25357,16240
4752,11760
2156,6590
3833,20657
21682,7474
16741,6533
21369,21965
22895,936
242,22087
583,1699
16419,17562
23657,13753
6270,13753
20467,21965
24708,19645
16861,6062
2273,25254
24191,17128
4272,17128
15770,23536
4043,23536
2273,25254
4429,17128
10077,10776
23026,2049
2404,9695
22813,10634
19002,21965
813,1395
11011,16240
1144,18986
15749,17662
16465,4333
3865,16101
17640,10065
17640,17962
17640,20951
17640,16394
17640,7656
17640,18297
23654,12379
15185,21965
22475,2483
17318,4223
17318,5082
4145,1069
22475,918
17318,16318
4145,16009
3350,24359
22475,8965
8884,21317
17318,8887
17318,13913
17318,12877
8884,9928
17318,12930
8884,22995
17318,8307
24811,17018
22475,15103
17318,11114
17318,15068
7527,12779
3350,14233
17318,18394
17318,21429
17318,20668
7527,22571
17318,17045
17318,10138
15185,23413
3350,21965
15106,9078
9771,21965
9694,10464
17318,454
15185,1045
24199,8512
16215,12379
8884,21965
6115,5571
11176,19186
17117,13231
22408,10293
19201,16240
10692,4196
9039,2963
615,23114
19466,17029
11041,7902
24719,22732
19466,9891
18621,21965
21695,12379
4907,9800
18542,12379
19687,33
19806,12379
2105,19659
8356,6533
23136,24371
14289,12975
25139,1699
23902,21965
13143,5066
19621,18728
12,12379
16,12379
25,12379
15830,20824
1025,5897
2640,19600
3066,17007
8461,12379
18342,9273
9547,12379
17633,10913
17633,10913
21984,23627
24417,13753
5316,443
4331,2631
8930,11544
14348,6135
15407,17610
23897,1062
21063,22684
19449,17610
11217,15
7082,17610
6431,1414
8856,6533
15325,5554
18714,21965
1000,23392
23034,12611
7042,12214
21169,12918
11906,13201
14812,9706
8761,6533
9257,15
7714,21025
11259,6533
473,15
8491,2
19289,21965
2248,6533
6420,6533
17455,6533
12825,6533
20732,22912
3073,16240
6604,18318
13800,9746
18699,24
8614,6533
7747,15491
17796,1118
10381,18270
24153,1699
8013,12160
3091,2866
9735,6874
5002,1699
20467,21965
17523,190
15107,12379
5944,19155
8325,21965
5558,17511
8949,19980
25487,12379
15957,8964
20597,21965
10583,21965
2071,19073
23138,21965
14703,14421
14088,1932
25484,17128
2273,25254
2249,21965
2273,25254
8012,6533
1025,21987
21181,22856
750,5130
3711,5130
21549,25464
1144,12379
21549,25464
21716,17610
24226,21965
17318,22707
3350,13259
22475,24448
17318,22964
8884,6500
17318,16061
4145,3408
4145,15103
15185,23457
17318,13718
17318,858
24811,5407
22475,21965
4424,15924
16998,22390
17318,9822
7527,10947
13933,16388
13933,16388
16998,483
24811,21965
8884,24764
13933,16388
5711,21965
17811,2431
16090,3290
16938,6886
14238,1162
4423,12162
11820,15225
5722,25239
24719,8151
19466,21871
20001,6158
15149,5278
17065,17829
8973,12379
21695,21987
23172,12379
16448,12379
1476,12379
615,25446
15516,4741
7004,9235
19873,14030
25235,11530
15564,307
273,7839
19309,21987
23365,14582
14289,12975
5445,6314
14657,9102
17633,10913
2640,19600
5565,12379
5705,19801
3066,17007
13395,12379
6377,12379
15956,9102
14719,15419
14339,22390
3150,23370
5609,9102
5800,9102
6322,15
10428,15
5816,15
9885,21965
19301,8889
19713,4761
10615,25447
20822,21678
3979,464
11440,20133
19501,20019
14198,11300
6690,21965
11042,21965
8776,11765
14768,21135
24938,15647
11474,18695
10211,2
524,21965
8658,16240
16015,24309
12871,21987
18049,1347
10926,6533
12596,10729
18928,22390
23336,2
8619,8400
24411,11629
16328,18130
9798,6533
12442,13436
21009,18047
22935,7517
19915,23465
22466,4612
242,6533
18122,6533
1870,22296
24697,6540
24280,19970
9879,15295
5372,8389
23018,458
3833,20657
12631,2
20485,3773
4752,6533
14003,13931
24231,361
12661,9310
23927,5130
5718,6533
9767,6533
19001,19519
3452,15368
19365,6533
17816,4196
19575,19519
818,19519
10543,6533
23501,19519
226,7902
7444,21965
16643,5965
20467,21965
21841,8006
16269,9052
2273,25254
2273,25254
1983,21965
20094,16068
6732,16240
3395,21965
5064,7829
18224,5130
20791,25497
20806,1301
23654,12379
15304,14628
4145,15280
17318,19487
17318,5526
17318,17277
